"cad_number","dup_cad_number","pd_incident_report","received_datetime","entry_datetime","dispatch_datetime","enroute_datetime","onscene_datetime","close_datetime","call_type_original","call_type_original_desc","call_type_original_notes","call_type_final","call_type_final_desc","call_type_final_notes","priority_original","priority_final","agency","disposition","onview_flag","sensitive_call","intersection_name","intersection_id","intersection_point","supervisor_district","analysis_neighborhood","police_district","data_as_of","data_updated_at","data_loaded_at","source_filename"
"250321616",,"PD250062759","2025/02/01 01:20:26 PM","2025/02/01 01:28:27 PM","2025/02/01 01:50:27 PM","2025/02/01 01:50:27 PM","2025/02/01 01:50:27 PM","2025/02/01 03:12:50 PM","488","PETTY THEFT",,"488","PETTY THEFT",,"C","C","Police","ND","N","false","ELWOOD ST \ MASON ST","24915000","POINT (-122.409775109 37.786658874)","3","Tenderloin","TENDERLOIN","2025/02/02 04:30:04 AM","2026/01/11 05:09:17 AM","2026/01/11 05:25:04 AM","closecall2025-02-02_04-30-04.txt"
"250321698",,,"2025/02/01 01:50:37 PM","2025/02/01 01:50:37 PM","2025/02/01 01:50:37 PM","2025/02/01 01:50:37 PM","2025/02/01 01:50:37 PM","2025/02/01 01:50:58 PM","903","PASSING CALL",,"903","PASSING CALL",,"C","C","Police",,"Y","false","KEITH ST \ THOMAS AVE","20160000","POINT (-122.389418721 37.729353886)","10","Bayview Hunters Point","BAYVIEW","2025/02/02 04:30:04 AM","2026/01/11 05:09:17 AM","2026/01/11 05:25:04 AM","closecall2025-02-02_04-30-04.txt"
"250321162",,"PD250062577","2025/02/01 11:09:32 AM","2025/02/01 11:12:22 AM","2025/02/01 01:50:39 PM","2025/02/01 01:50:39 PM","2025/02/01 02:24:58 PM","2025/02/01 03:07:16 PM","288","SEXUAL ASSAULT JUVE",,"288","SEXUAL ASSAULT JUVE",,"C","C","Police","REP","N","true",,,,,,,"2025/02/02 04:30:04 AM","2026/01/11 05:09:17 AM","2026/01/11 05:25:04 AM","closecall2025-02-02_04-30-04.txt"
"250321699",,,"2025/02/01 01:50:58 PM","2025/02/01 01:50:58 PM","2025/02/01 01:50:58 PM","2025/02/01 01:50:58 PM","2025/02/01 01:50:58 PM","2025/02/01 01:53:17 PM","903","PASSING CALL",,"903","PASSING CALL",,"C","C","Police","HAN","Y","false","KEITH ST \ THOMAS AVE","20160000","POINT (-122.389418721 37.729353886)","10","Bayview Hunters Point","BAYVIEW","2025/02/02 04:30:04 AM","2026/01/11 05:09:17 AM","2026/01/11 05:25:04 AM","closecall2025-02-02_04-30-04.txt"
"250321701",,,"2025/02/01 01:47:49 PM","2025/02/01 01:51:32 PM","2025/02/01 01:52:23 PM","2025/02/01 01:52:23 PM","2025/02/01 01:56:48 PM","2025/02/01 02:00:23 PM","801","SUICIDE ATTEMPT",,"801","SUICIDE ATTEMPT",,"A","A","Police","UTL","N","true",,,,,,,"2025/02/02 04:30:04 AM","2026/01/11 05:09:17 AM","2026/01/11 05:25:04 AM","closecall2025-02-02_04-30-04.txt"
"250321703",,,"2025/02/01 01:52:41 PM","2025/02/01 01:52:41 PM","2025/02/01 01:52:41 PM","2025/02/01 01:52:41 PM","2025/02/01 01:52:41 PM","2025/02/01 04:28:25 PM","903","PASSING CALL",,"903","PASSING CALL",,"C","C","Police",,"Y","false","JUDAH ST \ LA PLAYA","27960000","POINT (-122.509141223 37.760282322)","4","Sunset/Parkside","TARAVAL","2025/02/02 04:30:04 AM","2026/01/11 05:09:17 AM","2026/01/11 05:25:04 AM","closecall2025-02-02_04-30-04.txt"
"250321706",,,"2025/02/01 01:52:59 PM","2025/02/01 01:52:59 PM","2025/02/01 01:52:59 PM","2025/02/01 01:52:59 PM","2025/02/01 01:52:59 PM","2025/02/01 02:06:46 PM","585","TRAFFIC STOP",,"585","TRAFFIC STOP",,"B","B","Police","CIT","Y","false","EDNA ST \ TERESITA BLVD","33011000","POINT (-122.446536273 37.733992413)","7","West of Twin Peaks","INGLESIDE","2025/02/02 04:30:04 AM","2026/01/11 05:09:17 AM","2026/01/11 05:25:04 AM","closecall2025-02-02_04-30-04.txt"
"250321670",,,"2025/02/01 01:43:09 PM","2025/02/01 01:43:09 PM","2025/02/01 01:56:16 PM","2025/02/01 01:56:16 PM",,"2025/02/01 02:11:26 PM","587","TRAF VIOLATION CITE",,"587","TRAF VIOLATION CITE","22500E","C","C","Municipal Transportation Agency","GOA","N","false","26TH AVE \ IRVING ST","27433000","POINT (-122.484626653 37.763231349)","4","Sunset/Parkside","TARAVAL","2025/02/02 04:30:04 AM","2026/01/11 05:09:17 AM","2026/01/11 05:25:04 AM","closecall2025-02-02_04-30-04.txt"
"250321577",,,"2025/02/01 01:13:54 PM","2025/02/01 01:13:54 PM","2025/02/01 01:56:38 PM","2025/02/01 01:56:38 PM","2025/02/01 02:08:23 PM","2025/02/01 02:45:26 PM","588","TRAF VIOLATION TOW",,"588","TRAF VIOLATION TOW","DW","C","C","Municipal Transportation Agency","HAN","N","false","CUMBERLAND ST \ GUERRERO ST","25675000","POINT (-122.423612942 37.759164228)","9","Mission","MISSION","2025/02/02 04:30:04 AM","2026/01/11 05:09:17 AM","2026/01/11 05:25:04 AM","closecall2025-02-02_04-30-04.txt"
"250321711",,,"2025/02/01 01:50:01 PM","2025/02/01 01:54:06 PM","2025/02/01 01:57:15 PM","2025/02/01 01:57:15 PM","2025/02/01 01:58:04 PM","2025/02/01 02:24:30 PM","418","FIGHT NO WEAPON","601","418","FIGHT NO WEAPON","601","B","B","Police","GOA","N","false","AL SCOMA WAY \ JEFFERSON ST","35066000","POINT (-122.417715897 37.807978727)","3","North Beach","CENTRAL","2025/02/02 04:30:04 AM","2026/01/11 05:09:17 AM","2026/01/11 05:25:04 AM","closecall2025-02-02_04-30-04.txt"
"250321676",,,"2025/02/01 01:45:15 PM","2025/02/01 01:45:15 PM","2025/02/01 01:57:24 PM","2025/02/01 01:57:24 PM","2025/02/01 02:21:14 PM","2025/02/01 02:25:51 PM","588","TRAF VIOLATION TOW",,"588","TRAF VIOLATION TOW",,"C","C","Municipal Transportation Agency","CIT","N","false","MARIETTA DR \ TERESITA BLVD","22410000","POINT (-122.450784466 37.742729932)","7","West of Twin Peaks","INGLESIDE","2025/02/02 04:30:04 AM","2026/01/11 05:09:17 AM","2026/01/11 05:25:04 AM","closecall2025-02-02_04-30-04.txt"
"250321715",,,"2025/02/01 01:57:30 PM","2025/02/01 01:57:30 PM","2025/02/01 01:57:30 PM","2025/02/01 01:57:30 PM","2025/02/01 01:57:30 PM","2025/02/01 02:04:42 PM","585","TRAFFIC STOP",,"585","TRAFFIC STOP",,"B","B","Police","CIT","Y","false","BADEN ST \ HEARST AVE","22132000","POINT (-122.439737346 37.730732907)","7","West of Twin Peaks","INGLESIDE","2025/02/02 04:30:04 AM","2026/01/11 05:09:17 AM","2026/01/11 05:25:04 AM","closecall2025-02-02_04-30-04.txt"
"250321696",,,"2025/02/01 01:47:03 PM","2025/02/01 01:49:33 PM","2025/02/01 01:57:46 PM","2025/02/01 01:57:46 PM","2025/02/01 02:00:06 PM","2025/02/01 02:03:38 PM","601","TRESPASSER","AGGRESSIVE","601","TRESPASSER","AGGRESSIVE","B","B","Police","GOA","N","false","JACKSON ST \ TRENTON ST","25045000","POINT (-122.40907552 37.795720126)","3","Chinatown","CENTRAL","2025/02/02 04:30:04 AM","2026/01/11 05:09:17 AM","2026/01/11 05:25:04 AM","closecall2025-02-02_04-30-04.txt"
"250321538",,,"2025/02/01 01:01:18 PM","2025/02/01 01:01:18 PM","2025/02/01 01:57:59 PM","2025/02/01 01:57:59 PM","2025/02/01 02:16:11 PM","2025/02/01 02:55:24 PM","588","TRAF VIOLATION TOW",,"588","TRAF VIOLATION TOW","DW","C","C","Municipal Transportation Agency","HAN","N","false","CALIFORNIA ST \ OCTAVIA ST","26529000","POINT (-122.427260407 37.78974286)","5","Pacific Heights","NORTHERN","2025/02/02 04:30:04 AM","2026/01/11 05:09:17 AM","2026/01/11 05:25:04 AM","closecall2025-02-02_04-30-04.txt"
"250321418",,,"2025/02/01 12:23:10 PM","2025/02/01 12:23:54 PM","2025/02/01 01:58:01 PM","2025/02/01 01:58:01 PM","2025/02/01 02:17:08 PM","2025/02/01 02:27:31 PM","601","TRESPASSER",,"601","TRESPASSER",,"C","C","Police","GOA","N","false","07TH ST \ MINNA ST","24291000","POINT (-122.410401493 37.778785373)","6","South of Market","SOUTHERN","2025/02/02 04:30:04 AM","2026/01/11 05:09:17 AM","2026/01/11 05:25:04 AM","closecall2025-02-02_04-30-04.txt"
"250321682",,,"2025/02/01 01:41:41 PM","2025/02/01 01:46:53 PM","2025/02/01 01:59:39 PM","2025/02/01 01:59:39 PM","2025/02/01 02:12:11 PM","2025/02/01 02:19:30 PM","650","THREATS / HARASSMENT",,"650","THREATS / HARASSMENT",,"B","B","Police","GOA","N","false","15TH ST \ BRYANT ST","24213000","POINT (-122.410609801 37.766903445)","9","Mission","MISSION","2025/02/02 04:30:04 AM","2026/01/11 05:09:17 AM","2026/01/11 05:25:04 AM","closecall2025-02-02_04-30-04.txt"
"250321725",,,"2025/02/01 02:02:07 PM","2025/02/01 02:02:07 PM","2025/02/01 02:02:07 PM","2025/02/01 02:02:07 PM","2025/02/01 02:02:07 PM","2025/02/01 02:09:54 PM","585","TRAFFIC STOP",,"585","TRAFFIC STOP",,"B","B","Police","CIT","Y","false","FOERSTER ST \ MONTEREY BLVD","22232000","POINT (-122.448866265 37.731542959)","7","West of Twin Peaks","INGLESIDE","2025/02/02 04:30:04 AM","2026/01/11 05:09:17 AM","2026/01/11 05:25:04 AM","closecall2025-02-02_04-30-04.txt"
"250321692",,,"2025/02/01 01:46:58 PM","2025/02/01 01:48:06 PM","2025/02/01 02:03:40 PM","2025/02/01 02:03:40 PM",,"2025/02/01 02:09:57 PM","588","TRAF VIOLATION TOW","DW","588","TRAF VIOLATION TOW","DW","C","C","Municipal Transportation Agency","GOA","N","false","PAGE ST \ PIERCE ST","26003000","POINT (-122.433922188 37.772620311)","5","Haight Ashbury","PARK","2025/02/02 04:30:04 AM","2026/01/11 05:09:17 AM","2026/01/11 05:25:04 AM","closecall2025-02-02_04-30-04.txt"
"250321729",,,"2025/02/01 02:03:48 PM","2025/02/01 02:03:48 PM","2025/02/01 02:03:48 PM","2025/02/01 02:03:48 PM","2025/02/01 02:03:48 PM","2025/02/01 02:58:15 PM","903","PASSING CALL",,"903","PASSING CALL",,"C","C","Police",,"Y","false","COLUMBUS AVE \ POWELL ST","25424000","POINT (-122.41095374 37.800832982)","3","North Beach","CENTRAL","2025/02/02 04:30:04 AM","2026/01/11 05:09:17 AM","2026/01/11 05:25:04 AM","closecall2025-02-02_04-30-04.txt"
"250321733",,,"2025/02/01 02:03:50 PM","2025/02/01 02:04:56 PM","2025/02/01 02:05:52 PM","2025/02/01 02:05:52 PM","2025/02/01 02:12:13 PM","2025/02/01 02:14:19 PM","601","TRESPASSER","909","601","TRESPASSER","909","C","C","Police","HAN","N","false","BRODERICK ST \ OAK ST","26036000","POINT (-122.4390886 37.772921982)","5","Haight Ashbury","PARK","2025/02/02 04:30:04 AM","2026/01/11 05:09:17 AM","2026/01/11 05:25:04 AM","closecall2025-02-02_04-30-04.txt"
"250321727",,,"2025/02/01 02:02:26 PM","2025/02/01 02:03:27 PM","2025/02/01 02:06:29 PM","2025/02/01 02:06:29 PM","2025/02/01 02:21:33 PM","2025/02/01 03:07:38 PM","917","SUSPICIOUS PERSON",,"917","SUSPICIOUS PERSON",,"C","C","Police","ADV","N","false","02ND ST \ MARKET ST","30734000","POINT (-122.401375491 37.789264323)","6","Financial District/South Beach","SOUTHERN","2025/02/02 04:30:04 AM","2026/01/11 05:09:17 AM","2026/01/11 05:25:04 AM","closecall2025-02-02_04-30-04.txt"
"250321741",,,"2025/02/01 02:05:21 PM","2025/02/01 02:07:23 PM","2025/02/01 02:09:28 PM","2025/02/01 02:09:28 PM","2025/02/01 02:13:29 PM","2025/02/01 02:52:12 PM","418DV","FIGHT NO WEAPON DV",,"418DV","FIGHT NO WEAPON DV",,"B","A","Police","ND","N","true",,,,,,,"2025/02/02 04:30:04 AM","2026/01/11 05:09:17 AM","2026/01/11 05:25:04 AM","closecall2025-02-02_04-30-04.txt"
"250321747",,,"2025/02/01 02:10:08 PM","2025/02/01 02:10:08 PM","2025/02/01 02:10:08 PM","2025/02/01 02:10:08 PM","2025/02/01 02:10:08 PM","2025/02/01 02:25:25 PM","903","PASSING CALL",,"903","PASSING CALL",,"C","C","Police","HAN","Y","false","25TH AVE \ NORIEGA ST","27384000","POINT (-122.482899356 37.753957235)","4","Sunset/Parkside","TARAVAL","2025/02/02 04:30:04 AM","2026/01/11 05:09:17 AM","2026/01/11 05:25:04 AM","closecall2025-02-02_04-30-04.txt"
"250321739",,,"2025/02/01 02:04:47 PM","2025/02/01 02:06:57 PM","2025/02/01 02:11:00 PM","2025/02/01 02:11:00 PM","2025/02/01 02:11:35 PM","2025/02/01 02:15:26 PM","601","TRESPASSER",,"601","TRESPASSER",,"C","C","Police","ADV","N","false","06TH ST \ GOLDEN GATE AVE \ MARKET ST \ TAYLOR ST","24922000","POINT (-122.410292027 37.782230575)","6","South of Market","SOUTHERN","2025/02/02 04:30:04 AM","2026/01/11 05:09:17 AM","2026/01/11 05:25:04 AM","closecall2025-02-02_04-30-04.txt"
"250321716",,,"2025/02/01 01:57:50 PM","2025/02/01 01:57:50 PM","2025/02/01 02:11:24 PM","2025/02/01 02:11:24 PM",,"2025/02/01 02:15:35 PM","588","TRAF VIOLATION TOW",,"588","TRAF VIOLATION TOW","DW","C","C","Municipal Transportation Agency","GOA","N","false","FELL ST \ WEBSTER ST","25950000","POINT (-122.42936586 37.77511118)","5","Hayes Valley","NORTHERN","2025/02/02 04:30:04 AM","2026/01/11 05:09:17 AM","2026/01/11 05:25:04 AM","closecall2025-02-02_04-30-04.txt"
"250321708",,,"2025/02/01 01:52:48 PM","2025/02/01 01:53:19 PM","2025/02/01 02:11:31 PM","2025/02/01 02:11:31 PM","2025/02/01 02:23:13 PM","2025/02/01 02:23:56 PM","587","TRAF VIOLATION CITE","22500E","587","TRAF VIOLATION CITE","22500E","C","C","Municipal Transportation Agency","CIT","N","false","20TH AVE \ ULLOA ST","23171000","POINT (-122.476630049 37.741138227)","4","Sunset/Parkside","TARAVAL","2025/02/02 04:30:04 AM","2026/01/11 05:09:17 AM","2026/01/11 05:25:04 AM","closecall2025-02-02_04-30-04.txt"
"250321752",,,"2025/02/01 02:12:09 PM","2025/02/01 02:12:09 PM","2025/02/01 02:12:09 PM","2025/02/01 02:12:09 PM","2025/02/01 02:12:09 PM","2025/02/01 02:18:12 PM","585","TRAFFIC STOP",,"585","TRAFFIC STOP",,"B","B","Police","CIT","Y","false","BADEN ST \ MONTEREY BLVD","22134000","POINT (-122.439742767 37.731584226)","7","West of Twin Peaks","INGLESIDE","2025/02/02 04:30:04 AM","2026/01/11 05:09:17 AM","2026/01/11 05:25:04 AM","closecall2025-02-02_04-30-04.txt"
"250321758",,,"2025/02/01 02:14:13 PM","2025/02/01 02:14:13 PM","2025/02/01 02:14:13 PM","2025/02/01 02:14:13 PM","2025/02/01 02:14:13 PM","2025/02/01 03:19:07 PM","903","PASSING CALL",,"903","PASSING CALL",,"C","C","Police","HAN","Y","false","POLK ST \ WILLOW ST","25177000","POINT (-122.419273433 37.783567786)","5","Tenderloin","NORTHERN","2025/02/02 04:30:04 AM","2026/01/11 05:09:17 AM","2026/01/11 05:25:04 AM","closecall2025-02-02_04-30-04.txt"
"250321469",,,"2025/02/01 12:38:17 PM","2025/02/01 12:38:17 PM","2025/02/01 02:14:35 PM","2025/02/01 02:14:35 PM",,"2025/02/01 02:28:23 PM","587","TRAF VIOLATION CITE",,"587","TRAF VIOLATION CITE","22500H","C","C","Municipal Transportation Agency","GOA","N","false","15TH ST \ SANCHEZ ST","25975000","POINT (-122.431037779 37.76599633)","8","Castro/Upper Market","MISSION","2025/02/02 04:30:04 AM","2026/01/11 05:09:17 AM","2026/01/11 05:25:04 AM","closecall2025-02-02_04-30-04.txt"
"250321763",,,"2025/02/01 02:15:45 PM","2025/02/01 02:15:45 PM","2025/02/01 02:15:45 PM","2025/02/01 02:15:45 PM","2025/02/01 02:15:45 PM","2025/02/01 02:23:01 PM","903","PASSING CALL",,"903","PASSING CALL",,"C","C","Police","HAN","Y","false","09TH TI ST \ AVENUE B","34070000","POINT (-122.374906701 37.823174923)","6","Treasure Island","SOUTHERN","2025/02/02 04:30:04 AM","2026/01/11 05:09:17 AM","2026/01/11 05:25:04 AM","closecall2025-02-02_04-30-04.txt"
"250321735",,,"2025/02/01 02:01:31 PM","2025/02/01 02:05:38 PM","2025/02/01 02:19:37 PM","2025/02/01 02:19:37 PM","2025/02/01 02:26:26 PM","2025/02/01 02:30:23 PM","418","FIGHT NO WEAPON",,"418","FIGHT NO WEAPON",,"B","B","Police","HAN","N","false","ERIE ST \ MISSION ST","24383000","POINT (-122.420032091 37.769045446)","9","Mission","MISSION","2025/02/02 04:30:04 AM","2026/01/11 05:09:17 AM","2026/01/11 05:25:04 AM","closecall2025-02-02_04-30-04.txt"
"250321754",,,"2025/02/01 02:10:58 PM","2025/02/01 02:12:28 PM","2025/02/01 02:23:02 PM","2025/02/01 02:23:02 PM","2025/02/01 02:28:55 PM","2025/02/01 02:34:11 PM","418","FIGHT NO WEAPON","601","418","FIGHT NO WEAPON","601","B","B","Police","HAN","N","false","BIRCH ST \ LAGUNA ST","25937000","POINT (-122.426547686 37.777862448)","5","Hayes Valley","NORTHERN","2025/02/02 04:30:04 AM","2026/01/11 05:09:17 AM","2026/01/11 05:25:04 AM","closecall2025-02-02_04-30-04.txt"
"250321783",,,"2025/02/01 02:23:10 PM","2025/02/01 02:23:10 PM","2025/02/01 02:23:10 PM","2025/02/01 02:23:10 PM","2025/02/01 02:23:10 PM","2025/02/01 02:30:52 PM","585","TRAFFIC STOP",,"585","TRAFFIC STOP",,"B","B","Police","CIT","Y","false","BADEN ST \ SAN JOSE AVE","33377000","POINT (-122.438983195 37.729588971)","11","Outer Mission","INGLESIDE","2025/02/02 04:30:04 AM","2026/01/11 05:09:17 AM","2026/01/11 05:25:04 AM","closecall2025-02-02_04-30-04.txt"
"250321785",,,"2025/02/01 02:23:10 PM","2025/02/01 02:23:10 PM","2025/02/01 02:23:10 PM","2025/02/01 02:23:10 PM","2025/02/01 02:23:10 PM","2025/02/01 02:26:23 PM","903","PASSING CALL",,"903","PASSING CALL",,"C","C","Police","HAN","Y","false","Not Available",,,,,"SOUTHERN","2025/02/02 04:30:04 AM","2026/01/11 05:09:17 AM","2026/01/11 05:25:04 AM","closecall2025-02-02_04-30-04.txt"
"250321778",,"PD250062618","2025/02/01 02:20:12 PM","2025/02/01 02:21:27 PM","2025/02/01 02:24:13 PM","2025/02/01 02:24:13 PM","2025/02/01 02:33:56 PM","2025/02/01 03:17:58 PM","488","PETTY THEFT",,"594","VANDALISM",,"B","A","Police","REP","N","false","CALIFORNIA ST \ SPRUCE ST","26943000","POINT (-122.453406647 37.786417731)","2","Presidio Heights","RICHMOND","2025/02/02 04:30:04 AM","2026/01/11 05:09:17 AM","2026/01/11 05:25:04 AM","closecall2025-02-02_04-30-04.txt"
"250321788",,,"2025/02/01 02:24:26 PM","2025/02/01 02:24:26 PM","2025/02/01 02:24:26 PM","2025/02/01 02:24:26 PM","2025/02/01 02:24:26 PM","2025/02/01 02:24:54 PM","000","MISC",,"000","MISC",,"C","C","Police","HAN","Y","false","SUTTER ST \ TAYLOR ST","24958000","POINT (-122.411885658 37.788807544)","3","Nob Hill","CENTRAL","2025/02/02 04:30:04 AM","2026/01/11 05:09:17 AM","2026/01/11 05:25:04 AM","closecall2025-02-02_04-30-04.txt"
"250321638",,,"2025/02/01 01:32:42 PM","2025/02/01 01:32:42 PM","2025/02/01 02:25:01 PM","2025/02/01 02:25:01 PM",,"2025/02/01 02:51:08 PM","587","TRAF VIOLATION CITE",,"587","TRAF VIOLATION CITE","DW","C","C","Municipal Transportation Agency","GOA","N","false","37TH AVE \ BALBOA ST","27883000","POINT (-122.497318728 37.775715414)","1","Outer Richmond","RICHMOND","2025/02/02 04:30:04 AM","2026/01/11 05:09:17 AM","2026/01/11 05:25:04 AM","closecall2025-02-02_04-30-04.txt"
"250321687",,,"2025/02/01 01:47:21 PM","2025/02/01 01:47:21 PM","2025/02/01 02:26:46 PM","2025/02/01 02:26:46 PM","2025/02/01 02:41:20 PM","2025/02/01 02:49:49 PM","588","TRAF VIOLATION TOW",,"588","TRAF VIOLATION TOW","DW","C","C","Municipal Transportation Agency","CIT","N","false","CAYUGA AVE \ SANTA ROSA AVE","21801000","POINT (-122.436805493 37.72716839)","11","Outer Mission","INGLESIDE","2025/02/02 04:30:04 AM","2026/01/11 05:09:17 AM","2026/01/11 05:25:04 AM","closecall2025-02-02_04-30-04.txt"
"250321772",,,"2025/02/01 02:17:55 PM","2025/02/01 02:18:57 PM","2025/02/01 02:27:25 PM","2025/02/01 02:27:25 PM","2025/02/01 02:34:11 PM","2025/02/01 02:35:12 PM","588","TRAF VIOLATION TOW","22500E","588","TRAF VIOLATION TOW","22500E","C","C","Municipal Transportation Agency","GOA","N","false","PAGE ST \ PIERCE ST","26003000","POINT (-122.433922188 37.772620311)","5","Haight Ashbury","PARK","2025/02/02 04:30:04 AM","2026/01/11 05:09:17 AM","2026/01/11 05:25:04 AM","closecall2025-02-02_04-30-04.txt"
"250321565",,,"2025/02/01 01:11:09 PM","2025/02/01 01:11:40 PM","2025/02/01 02:28:28 PM","2025/02/01 02:28:28 PM",,"2025/02/01 02:33:34 PM","587","TRAF VIOLATION CITE","7.2.28","587","TRAF VIOLATION CITE","7.2.28","C","C","Municipal Transportation Agency","CIT","N","false","15TH ST \ NOE ST","25810000","POINT (-122.433255473 37.765861628)","8","Castro/Upper Market","PARK","2025/02/02 04:30:04 AM","2026/01/11 05:09:17 AM","2026/01/11 05:25:04 AM","closecall2025-02-02_04-30-04.txt"
"250321802",,,"2025/02/01 02:28:38 PM","2025/02/01 02:28:38 PM","2025/02/01 02:28:38 PM","2025/02/01 02:28:38 PM",,"2025/02/01 02:35:49 PM","919","SIT/LIE ENFORCEMENT",,"919","SIT/LIE ENFORCEMENT",,"C","C","Police","GOA","HSOC","false","HARRIET ST \ HOWARD ST","24281000","POINT (-122.407691083 37.779318461)","6","South of Market","SOUTHERN","2025/02/02 04:30:04 AM","2026/01/11 05:09:17 AM","2026/01/11 05:25:04 AM","closecall2025-02-02_04-30-04.txt"
"250321782",,,"2025/02/01 02:23:07 PM","2025/02/01 02:23:07 PM","2025/02/01 02:28:53 PM","2025/02/01 02:28:53 PM","2025/02/01 02:44:42 PM","2025/02/01 03:17:35 PM","588","TRAF VIOLATION TOW",,"588","TRAF VIOLATION TOW",,"C","C","Municipal Transportation Agency","HAN","N","false","24TH ST \ SOUTH VAN NESS AVE","24063000","POINT (-122.41626551 37.752372789)","9","Mission","MISSION","2025/02/02 04:30:04 AM","2026/01/11 05:09:17 AM","2026/01/11 05:25:04 AM","closecall2025-02-02_04-30-04.txt"
"250321530",,,"2025/02/01 12:54:43 PM","2025/02/01 12:57:32 PM","2025/02/01 02:30:36 PM","2025/02/01 02:30:36 PM",,"2025/02/01 02:47:53 PM","594","VANDALISM",,"594","VANDALISM",,"B","B","Police","UTL","N","false","17TH ST \ CASTRO ST \ MARKET ST","25814000","POINT (-122.435187962 37.762670707)","8","Castro/Upper Market","MISSION","2025/02/02 04:30:04 AM","2026/01/11 05:09:17 AM","2026/01/11 05:25:04 AM","closecall2025-02-02_04-30-04.txt"
"250321811",,,"2025/02/01 02:31:47 PM","2025/02/01 02:31:47 PM","2025/02/01 02:31:47 PM","2025/02/01 02:31:47 PM","2025/02/01 02:31:47 PM","2025/02/01 02:31:47 PM","601","TRESPASSER",,"601","TRESPASSER",,"C","C","Police","GOA","HSOC","false","HOWARD ST \ RUSS ST","24287000","POINT (-122.408271589 37.778860687)","6","South of Market","SOUTHERN","2025/02/02 04:30:04 AM","2026/01/11 05:09:17 AM","2026/01/11 05:25:04 AM","closecall2025-02-02_04-30-04.txt"
"250321688",,,"2025/02/01 01:47:24 PM","2025/02/01 01:47:24 PM","2025/02/01 02:33:40 PM","2025/02/01 02:33:40 PM",,"2025/02/01 02:37:51 PM","587","TRAF VIOLATION CITE",,"587","TRAF VIOLATION CITE","22500E","C","C","Municipal Transportation Agency","GOA","N","false","16TH ST \ MARKET ST \ NOE ST","25804000","POINT (-122.433074471 37.764195713)","8","Castro/Upper Market","MISSION","2025/02/02 04:30:04 AM","2026/01/11 05:09:17 AM","2026/01/11 05:25:04 AM","closecall2025-02-02_04-30-04.txt"
"250321655",,,"2025/02/01 01:37:00 PM","2025/02/01 01:37:59 PM","2025/02/01 02:35:18 PM","2025/02/01 02:35:18 PM","2025/02/01 02:37:37 PM","2025/02/01 02:41:16 PM","917","SUSPICIOUS PERSON",,"917","SUSPICIOUS PERSON",,"C","C","Police","ADV","N","false","16TH ST \ HOFF ST","24175000","POINT (-122.420580608 37.76499627)","9","Mission","MISSION","2025/02/02 04:30:04 AM","2026/01/11 05:09:17 AM","2026/01/11 05:25:04 AM","closecall2025-02-02_04-30-04.txt"
"250321821",,,"2025/02/01 02:36:29 PM","2025/02/01 02:36:29 PM","2025/02/01 02:36:29 PM","2025/02/01 02:36:29 PM","2025/02/01 02:39:49 PM","2025/02/01 02:51:25 PM","919","SIT/LIE ENFORCEMENT",,"919","SIT/LIE ENFORCEMENT",,"C","C","Police","GOA","HSOC","false","07TH ST \ HOWARD ST","24265000","POINT (-122.409387006 37.777977087)","6","South of Market","SOUTHERN","2025/02/02 04:30:04 AM","2026/01/11 05:09:17 AM","2026/01/11 05:25:04 AM","closecall2025-02-02_04-30-04.txt"
"250321822",,,"2025/02/01 02:36:33 PM","2025/02/01 02:36:33 PM","2025/02/01 02:36:33 PM","2025/02/01 02:36:33 PM","2025/02/01 02:36:33 PM","2025/02/01 02:39:42 PM","903","PASSING CALL",,"903","PASSING CALL",,"C","C","Police",,"Y","false","16TH ST \ WIESE ST","24180000","POINT (-122.420482492 37.765002197)","9","Mission","MISSION","2025/02/02 04:30:04 AM","2026/01/11 05:09:17 AM","2026/01/11 05:25:04 AM","closecall2025-02-02_04-30-04.txt"
"250321819",,,"2025/02/01 02:34:55 PM","2025/02/01 02:36:16 PM","2025/02/01 02:36:44 PM","2025/02/01 02:36:44 PM","2025/02/01 02:43:28 PM","2025/02/01 02:45:34 PM","800","MENTALLY DISTURBED",,"800","MENTALLY DISTURBED",,"A","A","Police","HAN","N","false","04TH ST \ KING ST","23798000","POINT (-122.394035066 37.776332977)","6","Mission Bay","SOUTHERN","2025/02/02 04:30:04 AM","2026/01/11 05:09:17 AM","2026/01/11 05:25:04 AM","closecall2025-02-02_04-30-04.txt"
"250321824",,"PD250062602","2025/02/01 02:37:28 PM","2025/02/01 02:37:28 PM","2025/02/01 02:37:28 PM","2025/02/01 02:37:28 PM","2025/02/01 02:37:28 PM","2025/02/01 03:20:46 PM","916","SUSPICIOUS VEHICLE",,"916","SUSPICIOUS VEHICLE",,"C","C","Police","HAN","Y","false","CARROLL AVE \ INGALLS ST","20450000","POINT (-122.389619541 37.722851442)","10","Bayview Hunters Point","BAYVIEW","2025/02/02 04:30:04 AM","2026/01/11 05:09:17 AM","2026/01/11 05:25:04 AM","closecall2025-02-02_04-30-04.txt"
"250321411",,,"2025/02/01 12:21:35 PM","2025/02/01 12:21:35 PM","2025/02/01 02:37:57 PM","2025/02/01 02:37:57 PM",,"2025/02/01 02:55:42 PM","587","TRAF VIOLATION CITE",,"587","TRAF VIOLATION CITE","25/500E","C","C","Municipal Transportation Agency","GOA","N","false","23RD ST \ CORBETT AVE","32975000","POINT (-122.443610105 37.752311861)","8","Twin Peaks","PARK","2025/02/02 04:30:04 AM","2026/01/11 05:09:17 AM","2026/01/11 05:25:04 AM","closecall2025-02-02_04-30-04.txt"
"250321829",,,"2025/02/01 02:36:01 PM","2025/02/01 02:38:18 PM","2025/02/01 02:39:06 PM","2025/02/01 02:39:06 PM","2025/02/01 03:02:40 PM","2025/02/01 03:05:40 PM","418","FIGHT NO WEAPON",,"418","FIGHT NO WEAPON",,"A","A","Police","ABA","N","false","06TH ST \ NATOMA ST","24282000","POINT (-122.407691415 37.780162026)","6","South of Market","SOUTHERN","2025/02/02 04:30:04 AM","2026/01/11 05:09:17 AM","2026/01/11 05:25:04 AM","closecall2025-02-02_04-30-04.txt"
"250321837",,,"2025/02/01 02:41:25 PM","2025/02/01 02:41:25 PM","2025/02/01 02:41:25 PM","2025/02/01 02:41:25 PM","2025/02/01 02:41:25 PM","2025/02/01 02:43:21 PM","903","PASSING CALL",,"903","PASSING CALL",,"C","C","Police","HAN","Y","false","15TH ST \ WIESE ST","24179000","POINT (-122.420637844 37.766624517)","9","Mission","MISSION","2025/02/02 04:30:04 AM","2026/01/11 05:09:17 AM","2026/01/11 05:25:04 AM","closecall2025-02-02_04-30-04.txt"
"250321835",,,"2025/02/01 02:38:38 PM","2025/02/01 02:40:37 PM","2025/02/01 02:42:54 PM","2025/02/01 02:42:54 PM","2025/02/01 02:49:36 PM","2025/02/01 02:52:19 PM","418","FIGHT NO WEAPON",,"418","FIGHT NO WEAPON",,"B","B","Police","ABA","N","false","FILLMORE ST \ SACRAMENTO ST","26639000","POINT (-122.434027089 37.789836972)","2","Pacific Heights","NORTHERN","2025/02/02 04:30:04 AM","2026/01/11 05:09:17 AM","2026/01/11 05:25:04 AM","closecall2025-02-02_04-30-04.txt"
"250321813",,,"2025/02/01 02:31:45 PM","2025/02/01 02:32:28 PM","2025/02/01 02:43:27 PM","2025/02/01 02:43:27 PM","2025/02/01 02:46:51 PM","2025/02/01 02:53:52 PM","100A","AUDIBLE ALARM",,"100A","AUDIBLE ALARM",,"B","B","Police","NCR","N","false","19TH ST \ LEXINGTON ST","24155000","POINT (-122.420659534 37.760147554)","9","Mission","MISSION","2025/02/02 04:30:04 AM","2026/01/11 05:09:17 AM","2026/01/11 05:25:04 AM","closecall2025-02-02_04-30-04.txt"
"250321836",,,"2025/02/01 02:35:27 PM","2025/02/01 02:40:38 PM","2025/02/01 02:46:12 PM","2025/02/01 02:46:12 PM","2025/02/01 02:46:12 PM","2025/02/01 04:40:53 PM","518HR","H&R VEH ACCIDENT",,"418","FIGHT NO WEAPON",,"C","B","Police","HAN","N","false","BRODERICK ST \ MARINA BLVD","27014000","POINT (-122.445650064 37.805368467)","2","Marina","NORTHERN","2025/02/02 04:30:04 AM","2026/01/11 05:09:17 AM","2026/01/11 05:25:04 AM","closecall2025-02-02_04-30-04.txt"
"250321850",,,"2025/02/01 02:44:35 PM","2025/02/01 02:47:31 PM","2025/02/01 02:47:55 PM","2025/02/01 02:47:55 PM","2025/02/01 02:57:51 PM","2025/02/01 03:03:02 PM","801","SUICIDE ATTEMPT",,"801","SUICIDE ATTEMPT",,"A","A","Police","UTL","N","true",,,,,,,"2025/02/02 04:30:04 AM","2026/01/11 05:09:17 AM","2026/01/11 05:25:04 AM","closecall2025-02-02_04-30-04.txt"
"250321851",,,"2025/02/01 02:48:00 PM","2025/02/01 02:48:00 PM","2025/02/01 02:48:00 PM","2025/02/01 02:48:00 PM","2025/02/01 02:48:00 PM","2025/02/01 02:52:02 PM","903","PASSING CALL",,"903","PASSING CALL",,"C","C","Police","HAN","Y","false","24TH ST \ OSAGE ALY","24089000","POINT (-122.419017543 37.752204442)","9","Mission","MISSION","2025/02/02 04:30:04 AM","2026/01/11 05:09:17 AM","2026/01/11 05:25:04 AM","closecall2025-02-02_04-30-04.txt"
"250321504",,,"2025/02/01 12:48:58 PM","2025/02/01 12:48:58 PM","2025/02/01 02:48:47 PM","2025/02/01 02:48:47 PM","2025/02/01 03:13:14 PM","2025/02/01 03:13:57 PM","588","TRAF VIOLATION TOW",,"588","TRAF VIOLATION TOW","22500E","C","C","Municipal Transportation Agency","CIT","N","false","CHESTNUT ST \ MALLORCA WAY","26772000","POINT (-122.43729967 37.800683733)","2","Marina","NORTHERN","2025/02/02 04:30:04 AM","2026/01/11 05:09:17 AM","2026/01/11 05:25:04 AM","closecall2025-02-02_04-30-04.txt"
"250321856",,,"2025/02/01 02:49:44 PM","2025/02/01 02:49:44 PM","2025/02/01 02:49:44 PM","2025/02/01 02:49:44 PM","2025/02/01 02:49:44 PM","2025/02/01 02:53:51 PM","915","HOMELESS COMPLAINT",,"915","HOMELESS COMPLAINT",,"C","C","Police","HAN","Y","false","STOCKTON ST \ STOCKTON TUNL \ SUTTER ST","24910000","POINT (-122.406956987 37.789433682)","3","Financial District/South Beach","CENTRAL","2025/02/02 04:30:04 AM","2026/01/11 05:09:17 AM","2026/01/11 05:25:04 AM","closecall2025-02-02_04-30-04.txt"
"250321865",,,"2025/02/01 02:52:16 PM","2025/02/01 02:52:16 PM","2025/02/01 02:52:16 PM","2025/02/01 02:52:16 PM","2025/02/01 02:52:16 PM","2025/02/01 02:58:26 PM","903","PASSING CALL",,"903","PASSING CALL",,"C","C","Police","HAN","Y","false","24TH ST \ SHOTWELL ST","24064000","POINT (-122.415172289 37.752439645)","9","Mission","MISSION","2025/02/02 04:30:04 AM","2026/01/11 05:09:17 AM","2026/01/11 05:25:04 AM","closecall2025-02-02_04-30-04.txt"
"250321874",,,"2025/02/01 02:54:33 PM","2025/02/01 02:54:33 PM","2025/02/01 02:56:13 PM","2025/02/01 02:56:13 PM","2025/02/01 03:27:35 PM","2025/02/01 03:38:38 PM","588","TRAF VIOLATION TOW",,"588","TRAF VIOLATION TOW",,"C","C","Municipal Transportation Agency","CIT","N","false","ASHBURY ST \ PIEDMONT ST","26216000","POINT (-122.445962649 37.765216186)","8","Haight Ashbury","PARK","2025/02/02 04:30:04 AM","2026/01/11 05:09:17 AM","2026/01/11 05:25:04 AM","closecall2025-02-02_04-30-04.txt"
"250321855",,,"2025/02/01 02:43:11 PM","2025/02/01 02:49:14 PM","2025/02/01 02:57:16 PM","2025/02/01 02:57:16 PM","2025/02/01 03:24:06 PM","2025/02/01 03:27:34 PM","100S","SILENT ALARM",,"100S","SILENT ALARM",,"B","B","Police","PAS","N","false","TUNNEL AVE \ VISITACION AVE","50833000","POINT (-122.401329757 37.709593161)","10","Bayview Hunters Point","BAYVIEW","2025/02/02 04:30:04 AM","2026/01/11 05:09:17 AM","2026/01/11 05:25:04 AM","closecall2025-02-02_04-30-04.txt"
"250321849",,,"2025/02/01 02:45:31 PM","2025/02/01 02:46:47 PM","2025/02/01 02:57:51 PM","2025/02/01 02:57:51 PM","2025/02/01 03:04:15 PM","2025/02/01 04:10:36 PM","418","FIGHT NO WEAPON","601","800","MENTALLY DISTURBED",,"B","A","Police","GOA","N","false","AL SCOMA WAY \ JEFFERSON ST","35066000","POINT (-122.417715897 37.807978727)","3","North Beach","CENTRAL","2025/02/02 04:30:04 AM","2026/01/11 05:09:17 AM","2026/01/11 05:25:04 AM","closecall2025-02-02_04-30-04.txt"
"250321896",,,"2025/02/01 03:00:11 PM","2025/02/01 03:00:11 PM","2025/02/01 03:00:11 PM","2025/02/01 03:00:11 PM","2025/02/01 03:00:11 PM","2025/02/01 04:54:46 PM","903","PASSING CALL",,"903","PASSING CALL",,"C","C","Police","HAN","Y","false","EDDY ST \ HYDE ST","25138000","POINT (-122.415882538 37.783515641)","5","Tenderloin","TENDERLOIN","2025/02/02 04:30:04 AM","2026/01/11 05:09:17 AM","2026/01/11 05:25:04 AM","closecall2025-02-02_04-30-04.txt"
"250321894",,"PD250062668","2025/02/01 02:59:08 PM","2025/02/01 03:00:10 PM","2025/02/01 03:01:13 PM","2025/02/01 03:01:13 PM","2025/02/01 03:16:18 PM","2025/02/01 03:59:52 PM","519","INJURY VEH ACCIDENT",,"519","INJURY VEH ACCIDENT",,"A","A","Police","REP","N","false","ALABAMA ST \ NORWICH ST","21164000","POINT (-122.410474281 37.745297698)","9","Bernal Heights","INGLESIDE","2025/02/02 04:30:04 AM","2026/01/11 05:09:17 AM","2026/01/11 05:25:04 AM","closecall2025-02-02_04-30-04.txt"
"250321904",,,"2025/02/01 03:02:08 PM","2025/02/01 03:02:08 PM","2025/02/01 03:02:08 PM","2025/02/01 03:02:08 PM","2025/02/01 03:02:08 PM","2025/02/01 05:14:19 PM","903","PASSING CALL",,"903","PASSING CALL",,"C","C","Police",,"Y","false","OLIVE ST \ VAN NESS AVE","30708000","POINT (-122.421170987 37.784283291)","5","Tenderloin","NORTHERN","2025/02/02 04:30:04 AM","2026/01/11 05:09:17 AM","2026/01/11 05:25:04 AM","closecall2025-02-02_04-30-04.txt"
"250321709",,,"2025/02/01 01:51:31 PM","2025/02/01 01:53:37 PM","2025/02/01 03:05:50 PM","2025/02/01 03:05:50 PM","2025/02/01 03:05:50 PM","2025/02/01 03:08:39 PM","601","TRESPASSER","AGGRESSIVE","601","TRESPASSER","AGGRESSIVE","B","B","Police","GOA","N","false","06TH ST \ MINNA ST","24285000","POINT (-122.408160793 37.780535387)","6","South of Market","SOUTHERN","2025/02/02 04:30:04 AM","2026/01/11 05:09:17 AM","2026/01/11 05:25:04 AM","closecall2025-02-02_04-30-04.txt"
"250321917",,,"2025/02/01 03:08:09 PM","2025/02/01 03:08:09 PM","2025/02/01 03:08:09 PM","2025/02/01 03:08:09 PM","2025/02/01 03:08:09 PM","2025/02/01 03:08:18 PM","903","PASSING CALL",,"903","PASSING CALL",,"C","C","Police","ND","Y","false","03RD ST \ QUESADA AVE","20496000","POINT (-122.391244493 37.733223262)","10","Bayview Hunters Point","BAYVIEW","2025/02/02 04:30:04 AM","2026/01/11 05:09:17 AM","2026/01/11 05:25:04 AM","closecall2025-02-02_04-30-04.txt"
"250321921",,,"2025/02/01 03:10:44 PM","2025/02/01 03:10:44 PM","2025/02/01 03:10:44 PM","2025/02/01 03:10:44 PM","2025/02/01 03:10:44 PM","2025/02/01 03:42:28 PM","903","PASSING CALL",,"903","PASSING CALL",,"C","C","Police","CIT","Y","false","KEITH ST \ THOMAS AVE","20160000","POINT (-122.389418721 37.729353886)","10","Bayview Hunters Point","BAYVIEW","2025/02/02 04:30:04 AM","2026/01/11 05:09:17 AM","2026/01/11 05:25:04 AM","closecall2025-02-02_04-30-04.txt"
"250321927",,,"2025/02/01 03:13:13 PM","2025/02/01 03:13:13 PM","2025/02/01 03:13:13 PM","2025/02/01 03:13:13 PM","2025/02/01 03:13:13 PM","2025/02/01 04:07:20 PM","903","PASSING CALL",,"903","PASSING CALL",,"C","C","Police","HAN","Y","false","BUCHANAN ST \ POST ST","26522000","POINT (-122.429782592 37.785563847)","5","Japantown","NORTHERN","2025/02/02 04:30:04 AM","2026/01/11 05:09:17 AM","2026/01/11 05:25:04 AM","closecall2025-02-02_04-30-04.txt"
"250321924",,,"2025/02/01 03:11:15 PM","2025/02/01 03:12:58 PM","2025/02/01 03:13:24 PM","2025/02/01 03:13:24 PM","2025/02/01 03:17:23 PM","2025/02/01 04:50:29 PM","100P","PANIC ALARM",,"100P","PANIC ALARM",,"A","A","Police","ND","N","false","FREMONT ST \ MISSION ST","24560000","POINT (-122.396689694 37.790461068)","6","Financial District/South Beach","SOUTHERN","2025/02/02 04:30:04 AM","2026/01/11 05:09:17 AM","2026/01/11 05:25:04 AM","closecall2025-02-02_04-30-04.txt"
"250321604",,,"2025/02/01 01:24:19 PM","2025/02/01 01:24:19 PM","2025/02/01 03:14:04 PM","2025/02/01 03:14:04 PM",,"2025/02/01 03:15:39 PM","588","TRAF VIOLATION TOW",,"588","TRAF VIOLATION TOW","DW","C","C","Municipal Transportation Agency","GOA","N","false","GOUGH ST \ WASHINGTON ST","26545000","POINT (-122.426157043 37.792633771)","2","Pacific Heights","NORTHERN","2025/02/02 04:30:04 AM","2026/01/11 05:09:17 AM","2026/01/11 05:25:04 AM","closecall2025-02-02_04-30-04.txt"
"250321870",,"PD250062646","2025/02/01 02:48:57 PM","2025/02/01 02:53:10 PM","2025/02/01 03:14:25 PM","2025/02/01 03:14:25 PM","2025/02/01 03:14:25 PM","2025/02/01 04:15:09 PM","518","VEH ACCIDENT","586","518","VEH ACCIDENT","586","B","B","Police","REP","N","false","SUNSET BLVD \ YORBA ST","33563000","POINT (-122.494014877 37.735023414)","4","Sunset/Parkside","TARAVAL","2025/02/02 04:30:04 AM","2026/01/11 05:09:17 AM","2026/01/11 05:25:04 AM","closecall2025-02-02_04-30-04.txt"
"250321810",,,"2025/02/01 02:31:38 PM","2025/02/01 02:31:38 PM","2025/02/01 03:17:43 PM","2025/02/01 03:17:43 PM","2025/02/01 03:29:05 PM","2025/02/01 03:29:44 PM","588","TRAF VIOLATION TOW",,"588","TRAF VIOLATION TOW",,"C","C","Municipal Transportation Agency","NOM","N","false","19TH ST \ LEXINGTON ST","24155000","POINT (-122.420659534 37.760147554)","9","Mission","MISSION","2025/02/02 04:30:04 AM","2026/01/11 05:09:17 AM","2026/01/11 05:25:04 AM","closecall2025-02-02_04-30-04.txt"
"250321903",,,"2025/02/01 02:57:13 PM","2025/02/01 03:02:02 PM","2025/02/01 03:18:35 PM","2025/02/01 03:18:35 PM","2025/02/01 03:42:42 PM","2025/02/01 03:45:08 PM","917","SUSPICIOUS PERSON","SALES","917","SUSPICIOUS PERSON","SALES","B","B","Police","GOA","N","false","GEARY ST \ HYDE ST","25166000","POINT (-122.416449123 37.786310218)","3","Tenderloin","CENTRAL","2025/02/02 04:30:04 AM","2026/01/11 05:09:17 AM","2026/01/11 05:25:04 AM","closecall2025-02-02_04-30-04.txt"
"250321742",,,"2025/02/01 02:02:04 PM","2025/02/01 02:08:02 PM","2025/02/01 03:19:08 PM","2025/02/01 03:19:08 PM","2025/02/01 03:20:33 PM","2025/02/01 04:11:06 PM","240","ASSAULT / BATTERY",,"240","ASSAULT / BATTERY",,"C","C","Police","GOA","N","false","FULTON ST \ GOUGH ST","25940000","POINT (-122.423354025 37.778747372)","5","Hayes Valley","NORTHERN","2025/02/02 04:30:04 AM","2026/01/11 05:09:17 AM","2026/01/11 05:25:04 AM","closecall2025-02-02_04-30-04.txt"
"250321946",,,"2025/02/01 03:19:42 PM","2025/02/01 03:19:42 PM","2025/02/01 03:19:42 PM","2025/02/01 03:19:42 PM","2025/02/01 03:19:42 PM","2025/02/01 03:22:14 PM","903","PASSING CALL",,"903","PASSING CALL",,"C","C","Police","HAN","Y","false","CHURCH ST \ HANCOCK ST","25711000","POINT (-122.428278232 37.760491007)","8","Castro/Upper Market","MISSION","2025/02/02 04:30:04 AM","2026/01/11 05:09:17 AM","2026/01/11 05:25:04 AM","closecall2025-02-02_04-30-04.txt"
"250321732",,,"2025/02/01 02:04:10 PM","2025/02/01 02:04:55 PM","2025/02/01 03:20:22 PM","2025/02/01 03:20:22 PM","2025/02/01 03:33:41 PM","2025/02/01 03:34:47 PM","913","COMPLAINT UNKN","DROP CALL","913","COMPLAINT UNKN","DROP CALL","B","B","Police","NOM","N","false","15TH ST \ HARRISON ST","24224000","POINT (-122.413259822 37.767069975)","9","Mission","MISSION","2025/02/02 04:30:04 AM","2026/01/11 05:09:17 AM","2026/01/11 05:25:04 AM","closecall2025-02-02_04-30-04.txt"
"250321533",,,"2025/02/01 12:56:15 PM","2025/02/01 12:58:55 PM","2025/02/01 03:20:55 PM","2025/02/01 03:20:55 PM","2025/02/01 03:20:55 PM","2025/02/01 03:21:17 PM","909","MEET W/CITIZEN",,"909","MEET W/CITIZEN",,"C","C","Police","HAN","N","false","BRYANT ST \ HARRIET ST","23917000","POINT (-122.403076401 37.775602763)","6","South of Market","SOUTHERN","2025/02/02 04:30:04 AM","2026/01/11 05:09:17 AM","2026/01/11 05:25:04 AM","closecall2025-02-02_04-30-04.txt"
"250321803",,,"2025/02/01 02:24:30 PM","2025/02/01 02:29:19 PM","2025/02/01 03:21:10 PM","2025/02/01 03:21:10 PM","2025/02/01 03:35:05 PM","2025/02/01 03:47:34 PM","650","THREATS / HARASSMENT",,"650","THREATS / HARASSMENT",,"B","B","Police","HAN","N","false","JERROLD AVE \ RANKIN ST","33114000","POINT (-122.395065266 37.742106697)","10","Bayview Hunters Point","BAYVIEW","2025/02/02 04:30:04 AM","2026/01/11 05:09:17 AM","2026/01/11 05:25:04 AM","closecall2025-02-02_04-30-04.txt"
"250321623",,,"2025/02/01 01:25:19 PM","2025/02/01 01:28:58 PM","2025/02/01 03:22:22 PM","2025/02/01 03:22:22 PM","2025/02/01 04:04:10 PM","2025/02/01 04:04:28 PM","650","THREATS / HARASSMENT","601","650","THREATS / HARASSMENT","601","B","B","Police","UTL","N","false","DUBOCE AVE \ VALENCIA ST","24403000","POINT (-122.422364819 37.769867698)","9","Mission","MISSION","2025/02/02 04:30:04 AM","2026/01/11 05:09:17 AM","2026/01/11 05:25:04 AM","closecall2025-02-02_04-30-04.txt"
"250321931",,,"2025/02/01 03:13:43 PM","2025/02/01 03:15:20 PM","2025/02/01 03:23:20 PM","2025/02/01 03:23:20 PM","2025/02/01 03:31:12 PM","2025/02/01 03:39:49 PM","100A","AUDIBLE ALARM",,"100A","AUDIBLE ALARM",,"B","B","Police","PAS","N","false","CALIFORNIA ST \ GOUGH ST","26508000","POINT (-122.425616053 37.789951886)","2","Pacific Heights","NORTHERN","2025/02/02 04:30:04 AM","2026/01/11 05:09:17 AM","2026/01/11 05:25:04 AM","closecall2025-02-02_04-30-04.txt"
"250321667",,,"2025/02/01 01:41:10 PM","2025/02/01 01:42:10 PM","2025/02/01 03:23:33 PM","2025/02/01 03:23:33 PM","2025/02/01 03:23:33 PM","2025/02/01 03:25:59 PM","100A","AUDIBLE ALARM",,"100A","AUDIBLE ALARM",,"B","B","Police","PAS","N","false","05TH ST \ BLUXOME ST","23824000","POINT (-122.397969475 37.775941222)","6","Mission Bay","SOUTHERN","2025/02/02 04:30:04 AM","2026/01/11 05:09:17 AM","2026/01/11 05:25:04 AM","closecall2025-02-02_04-30-04.txt"
"250321744",,,"2025/02/01 02:07:45 PM","2025/02/01 02:08:43 PM","2025/02/01 03:26:05 PM","2025/02/01 03:26:05 PM","2025/02/01 03:48:51 PM","2025/02/01 04:23:08 PM","588","TRAF VIOLATION TOW","22500E","588","TRAF VIOLATION TOW","22500E","C","C","Municipal Transportation Agency","HAN","N","false","06TH AVE \ KIRKHAM ST","27077000","POINT (-122.462841913 37.760452255)","7","Inner Sunset","PARK","2025/02/02 04:30:04 AM","2026/01/11 05:09:17 AM","2026/01/11 05:25:04 AM","closecall2025-02-02_04-30-04.txt"
"250321968",,,"2025/02/01 03:26:57 PM","2025/02/01 03:26:57 PM","2025/02/01 03:26:57 PM","2025/02/01 03:26:57 PM","2025/02/01 03:26:57 PM","2025/02/01 03:39:53 PM","585","TRAFFIC STOP",,"585","TRAFFIC STOP",,"B","B","Police","CIT","Y","false","BADEN ST \ MONTEREY BLVD","22134000","POINT (-122.439742767 37.731584226)","7","West of Twin Peaks","INGLESIDE","2025/02/02 04:30:04 AM","2026/01/11 05:09:17 AM","2026/01/11 05:25:04 AM","closecall2025-02-02_04-30-04.txt"
"250321966",,,"2025/02/01 03:25:22 PM","2025/02/01 03:26:31 PM","2025/02/01 03:27:04 PM","2025/02/01 03:27:04 PM","2025/02/01 03:29:40 PM","2025/02/01 03:37:47 PM","594","VANDALISM",,"594","VANDALISM",,"A","A","Police","GOA","N","false","BAY ST \ MASON ST","25473000","POINT (-122.413604169 37.80561848)","3","North Beach","CENTRAL","2025/02/02 04:30:04 AM","2026/01/11 05:09:17 AM","2026/01/11 05:25:04 AM","closecall2025-02-02_04-30-04.txt"
"250321790","250321987",,"2025/02/01 02:23:40 PM","2025/02/01 02:24:45 PM","2025/02/01 03:27:16 PM","2025/02/01 03:27:16 PM","2025/02/01 03:36:14 PM","2025/02/01 04:07:49 PM","588","TRAF VIOLATION TOW","22500E","588","TRAF VIOLATION TOW","22500E","C","C","Municipal Transportation Agency","CIT","N","false","BUCHANAN ST \ PINE ST","26532000","POINT (-122.430355918 37.788368313)","5","Pacific Heights","NORTHERN","2025/02/02 04:30:04 AM","2026/01/11 05:09:17 AM","2026/01/11 05:25:04 AM","closecall2025-02-02_04-30-04.txt"
"250321936",,,"2025/02/01 03:15:34 PM","2025/02/01 03:15:34 PM","2025/02/01 03:31:02 PM","2025/02/01 03:31:02 PM","2025/02/01 03:39:09 PM","2025/02/01 03:40:35 PM","588","TRAF VIOLATION TOW",,"588","TRAF VIOLATION TOW",,"C","C","Municipal Transportation Agency","GOA","N","false","23RD ST \ VALENCIA ST","24106000","POINT (-122.420812136 37.753703094)","9","Mission","MISSION","2025/02/02 04:30:04 AM","2026/01/11 05:09:17 AM","2026/01/11 05:25:04 AM","closecall2025-02-02_04-30-04.txt"
"250321691",,,"2025/02/01 01:45:22 PM","2025/02/01 01:48:03 PM","2025/02/01 03:32:38 PM","2025/02/01 03:32:38 PM","2025/02/01 03:38:27 PM","2025/02/01 03:39:55 PM","650","THREATS / HARASSMENT",,"650","THREATS / HARASSMENT",,"B","B","Police","GOA","N","false","FOLSOM ST \ HARRIET ST","23924000","POINT (-122.406150425 37.778082382)","6","South of Market","SOUTHERN","2025/02/02 04:30:04 AM","2026/01/11 05:09:17 AM","2026/01/11 05:25:04 AM","closecall2025-02-02_04-30-04.txt"
"250321983",,,"2025/02/01 03:32:02 PM","2025/02/01 03:33:04 PM","2025/02/01 03:33:44 PM","2025/02/01 03:33:44 PM","2025/02/01 03:41:44 PM","2025/02/01 04:41:17 PM","000","MISC",,"000","MISC",,"A","A","Police","HAN","N","true",,,,,,,"2025/02/02 04:30:04 AM","2026/01/11 05:09:17 AM","2026/01/11 05:25:04 AM","closecall2025-02-02_04-30-04.txt"
"250321985",,,"2025/02/01 03:34:04 PM","2025/02/01 03:34:04 PM","2025/02/01 03:34:04 PM","2025/02/01 03:34:04 PM","2025/02/01 03:34:04 PM","2025/02/01 03:37:58 PM","910","WELL BEING CHECK",,"910","WELL BEING CHECK",,"B","B","Police","ADV","Y","false","LAGUNA ST \ LINDEN ST","25927000","POINT (-122.426167393 37.775997143)","5","Hayes Valley","NORTHERN","2025/02/02 04:30:04 AM","2026/01/11 05:09:17 AM","2026/01/11 05:25:04 AM","closecall2025-02-02_04-30-04.txt"
"250321994",,,"2025/02/01 03:35:11 PM","2025/02/01 03:35:45 PM","2025/02/01 03:36:27 PM","2025/02/01 03:36:27 PM","2025/02/01 03:37:29 PM","2025/02/01 03:49:14 PM","418","FIGHT NO WEAPON","HEATED","418","FIGHT NO WEAPON","HEATED","A","A","Police","ABA","N","false","OFARRELL ST \ SECURITY PACIFIC PL","24656000","POINT (-122.405346079 37.786747619)","3","Financial District/South Beach","TENDERLOIN","2025/02/02 04:30:04 AM","2026/01/11 05:09:17 AM","2026/01/11 05:25:04 AM","closecall2025-02-02_04-30-04.txt"
"250321934","250321857",,"2025/02/01 03:11:09 PM","2025/02/01 03:15:28 PM","2025/02/01 03:37:03 PM","2025/02/01 03:37:03 PM","2025/02/01 04:05:26 PM","2025/02/01 04:18:32 PM","650","THREATS / HARASSMENT",,"650","THREATS / HARASSMENT",,"B","B","Police","NOM","N","false","JONES ST \ TURK ST","24923000","POINT (-122.412411746 37.783004079)","5","Tenderloin","TENDERLOIN","2025/02/02 04:30:04 AM","2026/01/11 05:09:17 AM","2026/01/11 05:25:04 AM","closecall2025-02-02_04-30-04.txt"
"250321684",,,"2025/02/01 01:46:41 PM","2025/02/01 01:47:04 PM","2025/02/01 03:38:50 PM","2025/02/01 03:38:50 PM","2025/02/01 04:07:01 PM","2025/02/01 04:07:06 PM","587","TRAF VIOLATION CITE",".25/500E","587","TRAF VIOLATION CITE",".25/500E","C","C","Municipal Transportation Agency","GOA","N","false","CLAY ST \ WALNUT ST","26917000","POINT (-122.448835781 37.788856512)","2","Presidio Heights","RICHMOND","2025/02/02 04:30:04 AM","2026/01/11 05:09:17 AM","2026/01/11 05:25:04 AM","closecall2025-02-02_04-30-04.txt"
"250321738",,,"2025/02/01 02:05:40 PM","2025/02/01 02:06:51 PM","2025/02/01 03:40:02 PM","2025/02/01 03:40:02 PM","2025/02/01 03:40:59 PM","2025/02/01 03:41:55 PM","100","ALARM",,"100","ALARM",,"B","B","Police","GOA","N","false","06TH ST \ NATOMA ST","24282000","POINT (-122.407691415 37.780162026)","6","South of Market","SOUTHERN","2025/02/02 04:30:04 AM","2026/01/11 05:09:17 AM","2026/01/11 05:25:04 AM","closecall2025-02-02_04-30-04.txt"
"250321892",,"PD250062715","2025/02/01 02:54:02 PM","2025/02/01 02:59:16 PM","2025/02/01 03:40:05 PM","2025/02/01 03:40:05 PM","2025/02/01 03:49:09 PM","2025/02/01 05:19:35 PM","650DV","THREATS DV",,"650DV","THREATS DV",,"B","B","Police","REP","N","true",,,,,,,"2025/02/02 04:30:04 AM","2026/01/11 05:09:17 AM","2026/01/11 05:25:04 AM","closecall2025-02-02_04-30-04.txt"
"250321978",,,"2025/02/01 03:28:24 PM","2025/02/01 03:30:47 PM","2025/02/01 03:40:17 PM","2025/02/01 03:40:17 PM","2025/02/01 03:50:44 PM","2025/02/01 03:55:24 PM","418DV","FIGHT NO WEAPON DV",,"418DV","FIGHT NO WEAPON DV",,"B","B","Police","UTL","N","true",,,,,,,"2025/02/02 04:30:04 AM","2026/01/11 05:09:17 AM","2026/01/11 05:25:04 AM","closecall2025-02-02_04-30-04.txt"
"250322006",,,"2025/02/01 03:40:28 PM","2025/02/01 03:40:28 PM","2025/02/01 03:40:55 PM","2025/02/01 03:40:55 PM","2025/02/01 03:42:10 PM","2025/02/01 04:01:33 PM","31D3","UNC EFF BREATH",,"910","WELL BEING CHECK","POSS VICT OF CRIME","3","A","Police","HAN","N","false","JONES ST \ MARKET ST","30741000","POINT (-122.411985369 37.780951763)","5","Tenderloin","SOUTHERN","2025/02/02 04:30:04 AM","2026/01/11 05:09:17 AM","2026/01/11 05:25:04 AM","closecall2025-02-02_04-30-04.txt"
"250322009",,,"2025/02/01 03:41:33 PM","2025/02/01 03:41:33 PM","2025/02/01 03:41:33 PM","2025/02/01 03:41:33 PM","2025/02/01 03:41:33 PM","2025/02/01 03:56:48 PM","903","PASSING CALL",,"903","PASSING CALL",,"C","C","Police",,"Y","false","CLAY ST \ DAVIS ST","30050000","POINT (-122.39797475 37.795312942)","3","Financial District/South Beach","CENTRAL","2025/02/02 04:30:04 AM","2026/01/11 05:09:17 AM","2026/01/11 05:25:04 AM","closecall2025-02-02_04-30-04.txt"
"250322017",,,"2025/02/01 03:42:46 PM","2025/02/01 03:42:46 PM","2025/02/01 03:42:46 PM","2025/02/01 03:42:46 PM","2025/02/01 03:42:46 PM","2025/02/01 04:08:56 PM","903","PASSING CALL",,"903","PASSING CALL",,"C","C","Police","CIT","Y","false","KEITH ST \ THOMAS AVE","20160000","POINT (-122.389418721 37.729353886)","10","Bayview Hunters Point","BAYVIEW","2025/02/02 04:30:04 AM","2026/01/11 05:09:17 AM","2026/01/11 05:25:04 AM","closecall2025-02-02_04-30-04.txt"
"250321815",,,"2025/02/01 02:32:41 PM","2025/02/01 02:33:30 PM","2025/02/01 03:42:53 PM","2025/02/01 03:42:53 PM","2025/02/01 03:52:48 PM","2025/02/01 04:19:06 PM","409","TOW TRUCK","7.2.27","409","TOW TRUCK","7.2.27","C","C","Municipal Transportation Agency","HAN","N","false","MASON ST \ POST ST","24919000","POINT (-122.41005693 37.788082187)","3","Nob Hill","CENTRAL","2025/02/02 04:30:04 AM","2026/01/11 05:09:17 AM","2026/01/11 05:25:04 AM","closecall2025-02-02_04-30-04.txt"
"250321340",,,"2025/02/01 12:03:43 PM","2025/02/01 12:07:33 PM","2025/02/01 03:44:36 PM","2025/02/01 03:44:36 PM","2025/02/01 03:44:36 PM","2025/02/01 03:46:23 PM","917","SUSPICIOUS PERSON",,"917","SUSPICIOUS PERSON",,"C","C","Police","GOA","N","false","04TH ST \ MISSION ST","24632000","POINT (-122.404266873 37.784478745)","6","South of Market","SOUTHERN","2025/02/02 04:30:04 AM","2026/01/11 05:09:17 AM","2026/01/11 05:25:04 AM","closecall2025-02-02_04-30-04.txt"
"250321877",,,"2025/02/01 02:49:45 PM","2025/02/01 02:55:14 PM","2025/02/01 03:44:53 PM","2025/02/01 03:44:53 PM","2025/02/01 03:50:33 PM","2025/02/01 03:50:54 PM","917","SUSPICIOUS PERSON",,"917","SUSPICIOUS PERSON",,"B","B","Police","UTL","N","false","04TH ST \ KING ST","23798000","POINT (-122.394035066 37.776332977)","6","Mission Bay","SOUTHERN","2025/02/02 04:30:04 AM","2026/01/11 05:09:17 AM","2026/01/11 05:25:04 AM","closecall2025-02-02_04-30-04.txt"
"250321806",,,"2025/02/01 02:28:58 PM","2025/02/01 02:30:03 PM","2025/02/01 03:45:14 PM","2025/02/01 03:45:14 PM","2025/02/01 03:45:14 PM","2025/02/01 03:45:30 PM","415","NOISE NUISANCE",,"415","NOISE NUISANCE",,"C","C","Police","GOA","N","false","HYDE ST \ SUTTER ST","25163000","POINT (-122.416827154 37.788177891)","3","Nob Hill","CENTRAL","2025/02/02 04:30:04 AM","2026/01/11 05:09:17 AM","2026/01/11 05:25:04 AM","closecall2025-02-02_04-30-04.txt"
"250321935",,,"2025/02/01 03:09:06 PM","2025/02/01 03:15:32 PM","2025/02/01 03:45:36 PM","2025/02/01 03:45:36 PM","2025/02/01 03:46:19 PM","2025/02/01 03:57:33 PM","601","TRESPASSER",,"601","TRESPASSER",,"B","B","Police","ADV","N","false","HYDE ST \ POST ST","25156000","POINT (-122.416638697 37.78724521)","3","Nob Hill","CENTRAL","2025/02/02 04:30:04 AM","2026/01/11 05:09:17 AM","2026/01/11 05:25:04 AM","closecall2025-02-02_04-30-04.txt"
"250322027",,"PD250062828","2025/02/01 03:42:06 PM","2025/02/01 03:46:39 PM","2025/02/01 03:47:16 PM","2025/02/01 03:47:16 PM","2025/02/01 04:01:18 PM","2025/02/01 05:04:06 PM","459","BURGLARY",,"459","BURGLARY",,"A","A","Police","REP","N","false","FILBERT ST \ NAPIER LN","24865000","POINT (-122.403792287 37.802063644)","3","North Beach","CENTRAL","2025/02/02 04:30:04 AM","2026/01/11 05:09:17 AM","2026/01/11 05:25:04 AM","closecall2025-02-02_04-30-04.txt"
"250321955",,,"2025/02/01 03:17:37 PM","2025/02/01 03:22:52 PM","2025/02/01 03:51:01 PM","2025/02/01 03:51:01 PM","2025/02/01 03:53:45 PM","2025/02/01 04:11:18 PM","905","MEET W/CITY EMPLOYEE","MUNI","905","MEET W/CITY EMPLOYEE","MUNI","B","B","Police","HAN","N","false","03RD ST \ MISSION BAY BLVD","34159000","POINT (-122.389526603 37.771109953)","6","Mission Bay","BAYVIEW","2025/02/02 04:30:04 AM","2026/01/11 05:09:17 AM","2026/01/11 05:25:04 AM","closecall2025-02-02_04-30-04.txt"
"250322038",,,"2025/02/01 03:51:10 PM","2025/02/01 03:51:10 PM","2025/02/01 03:51:10 PM","2025/02/01 03:51:10 PM","2025/02/01 03:51:10 PM","2025/02/01 04:08:11 PM","903","PASSING CALL",,"903","PASSING CALL",,"C","C","Police","HAN","Y","false","PORTOLA DR \ TERRACE DR","22923000","POINT (-122.46751024 37.737947662)","7","West of Twin Peaks","TARAVAL","2025/02/02 04:30:04 AM","2026/01/11 05:09:17 AM","2026/01/11 05:25:04 AM","closecall2025-02-02_04-30-04.txt"
"250322039",,,"2025/02/01 03:51:32 PM","2025/02/01 03:51:32 PM","2025/02/01 03:51:32 PM","2025/02/01 03:51:32 PM","2025/02/01 03:51:32 PM","2025/02/01 04:00:21 PM","903","PASSING CALL",,"903","PASSING CALL",,"C","C","Police",,"Y","false","04TH ST \ MISSION ST","24632000","POINT (-122.404266873 37.784478745)","6","South of Market","SOUTHERN","2025/02/02 04:30:04 AM","2026/01/11 05:09:17 AM","2026/01/11 05:25:04 AM","closecall2025-02-02_04-30-04.txt"
"250321988",,,"2025/02/01 03:34:43 PM","2025/02/01 03:34:43 PM","2025/02/01 03:52:38 PM","2025/02/01 03:52:38 PM","2025/02/01 03:55:04 PM","2025/02/01 04:29:59 PM","587","TRAF VIOLATION CITE",,"587","TRAF VIOLATION CITE",,"C","C","Municipal Transportation Agency","CIT","N","false","CLAY ST \ STOCKTON ST","24995000","POINT (-122.407903302 37.794060297)","3","Chinatown","CENTRAL","2025/02/02 04:30:04 AM","2026/01/11 05:09:17 AM","2026/01/11 05:25:04 AM","closecall2025-02-02_04-30-04.txt"
"250322049",,,"2025/02/01 03:54:21 PM","2025/02/01 03:54:21 PM","2025/02/01 03:54:21 PM","2025/02/01 03:54:21 PM","2025/02/01 03:54:21 PM","2025/02/01 04:50:50 PM","903","PASSING CALL",,"903","PASSING CALL",,"C","C","Police",,"Y","false","09TH TI ST \ AVENUE B","34070000","POINT (-122.374906701 37.823174923)","6","Treasure Island","SOUTHERN","2025/02/02 04:30:04 AM","2026/01/11 05:09:17 AM","2026/01/11 05:25:04 AM","closecall2025-02-02_04-30-04.txt"
"250321767",,,"2025/02/01 02:16:51 PM","2025/02/01 02:16:51 PM","2025/02/01 03:55:15 PM","2025/02/01 03:55:15 PM",,"2025/02/01 03:55:21 PM","587","TRAF VIOLATION CITE",,"587","TRAF VIOLATION CITE",".27","C","C","Municipal Transportation Agency","GOA","N","false","PACIFIC AVE \ TAYLOR ST","25130000","POINT (-122.413366183 37.796083552)","3","Nob Hill","CENTRAL","2025/02/02 04:30:04 AM","2026/01/11 05:09:17 AM","2026/01/11 05:25:04 AM","closecall2025-02-02_04-30-04.txt"
"250322054",,,"2025/02/01 03:55:32 PM","2025/02/01 03:55:32 PM","2025/02/01 03:55:32 PM","2025/02/01 03:55:32 PM","2025/02/01 03:55:32 PM","2025/02/01 04:00:41 PM","903","PASSING CALL",,"903","PASSING CALL",,"C","C","Police","HAN","Y","false","CALIFORNIA ST \ FILLMORE ST","26611000","POINT (-122.433839654 37.788906284)","2","Pacific Heights","NORTHERN","2025/02/02 04:30:04 AM","2026/01/11 05:09:17 AM","2026/01/11 05:25:04 AM","closecall2025-02-02_04-30-04.txt"
"250322052",,"PD250062737","2025/02/01 03:54:34 PM","2025/02/01 03:54:48 PM","2025/02/01 03:55:36 PM","2025/02/01 03:55:36 PM","2025/02/01 03:58:04 PM","2025/02/01 05:20:10 PM","800","MENTALLY DISTURBED",,"800","MENTALLY DISTURBED",,"B","A","Police","REP","N","false","JEFFERSON ST \ TAYLOR ST","25594000","POINT (-122.415802425 37.808214054)","3","North Beach","CENTRAL","2025/02/02 04:30:04 AM","2026/01/11 05:09:17 AM","2026/01/11 05:25:04 AM","closecall2025-02-02_04-30-04.txt"
"250321951",,,"2025/02/01 03:17:54 PM","2025/02/01 03:22:24 PM","2025/02/01 03:56:02 PM","2025/02/01 03:56:02 PM","2025/02/01 04:05:56 PM","2025/02/01 04:12:53 PM","917","SUSPICIOUS PERSON","811/415","917","SUSPICIOUS PERSON","811/415","C","C","Police","UTL","N","false","23RD ST \ CAPP ST","24076000","POINT (-122.417505901 37.753902052)","9","Mission","MISSION","2025/02/02 04:30:04 AM","2026/01/11 05:09:17 AM","2026/01/11 05:25:04 AM","closecall2025-02-02_04-30-04.txt"
"250321925",,,"2025/02/01 03:11:39 PM","2025/02/01 03:13:02 PM","2025/02/01 03:56:07 PM","2025/02/01 03:56:07 PM",,"2025/02/01 04:03:21 PM","100A","AUDIBLE ALARM",,"100A","AUDIBLE ALARM",,"B","B","Police","HAN","N","false","MAPLE ST \ WASHINGTON ST","26949000","POINT (-122.455595137 37.788888367)","2","Presidio Heights","RICHMOND","2025/02/02 04:30:04 AM","2026/01/11 05:09:17 AM","2026/01/11 05:25:04 AM","closecall2025-02-02_04-30-04.txt"
"250322026",,,"2025/02/01 03:45:19 PM","2025/02/01 03:46:20 PM","2025/02/01 03:56:11 PM","2025/02/01 03:56:11 PM","2025/02/01 03:58:06 PM","2025/02/01 03:58:42 PM","587","TRAF VIOLATION CITE","22500E/RZ","587","TRAF VIOLATION CITE","22500E/RZ","C","C","Municipal Transportation Agency","NOM","N","false","PACIFIC AVE \ TAYLOR ST","25130000","POINT (-122.413366183 37.796083552)","3","Nob Hill","CENTRAL","2025/02/02 04:30:04 AM","2026/01/11 05:09:17 AM","2026/01/11 05:25:04 AM","closecall2025-02-02_04-30-04.txt"
"250322055",,,"2025/02/01 03:56:27 PM","2025/02/01 03:56:27 PM","2025/02/01 03:56:27 PM","2025/02/01 03:56:27 PM","2025/02/01 03:56:27 PM","2025/02/01 04:04:15 PM","585","TRAFFIC STOP",,"585","TRAFFIC STOP",,"B","B","Police","CIT","Y","false","BROADWAY \ FRONT ST","24800000","POINT (-122.399873458 37.798729001)","3","Financial District/South Beach","CENTRAL","2025/02/02 04:30:04 AM","2026/01/11 05:09:17 AM","2026/01/11 05:25:04 AM","closecall2025-02-02_04-30-04.txt"
"250321805",,,"2025/02/01 02:29:28 PM","2025/02/01 02:29:28 PM","2025/02/01 03:58:53 PM","2025/02/01 03:58:53 PM","2025/02/01 04:08:34 PM","2025/02/01 04:09:34 PM","587","TRAF VIOLATION CITE",,"587","TRAF VIOLATION CITE","500F","C","C","Municipal Transportation Agency","GOA","N","false","GREEN ST \ LARKIN ST","25314000","POINT (-122.420501283 37.798033462)","3","Russian Hill","NORTHERN","2025/02/02 04:30:04 AM","2026/01/11 05:09:17 AM","2026/01/11 05:25:04 AM","closecall2025-02-02_04-30-04.txt"
"250322060",,,"2025/02/01 03:59:38 PM","2025/02/01 03:59:38 PM","2025/02/01 03:59:38 PM","2025/02/01 03:59:38 PM","2025/02/01 03:59:38 PM","2025/02/01 04:07:06 PM","903","PASSING CALL",,"903","PASSING CALL",,"C","C","Police","HAN","Y","false","09TH ST \ MISSION ST","24313000","POINT (-122.414711004 37.776230521)","6","South of Market","SOUTHERN","2025/02/02 04:30:04 AM","2026/01/11 05:09:17 AM","2026/01/11 05:25:04 AM","closecall2025-02-02_04-30-04.txt"
"250321996",,,"2025/02/01 03:35:22 PM","2025/02/01 03:36:38 PM","2025/02/01 03:59:52 PM","2025/02/01 03:59:52 PM","2025/02/01 04:19:36 PM","2025/02/01 04:48:28 PM","1036","URGENT NOTIFICATION",,"1036","URGENT NOTIFICATION",,"B","B","Police","HAN","N","false","MADDUX AVE \ QUINT ST","20732000","POINT (-122.398208522 37.735307709)","10","Bayview Hunters Point","BAYVIEW","2025/02/02 04:30:04 AM","2026/01/11 05:09:17 AM","2026/01/11 05:25:04 AM","closecall2025-02-02_04-30-04.txt"
"250322062",,"PD250062765","2025/02/01 03:59:54 PM","2025/02/01 03:59:54 PM","2025/02/01 03:59:54 PM","2025/02/01 03:59:54 PM","2025/02/01 03:59:54 PM","2025/02/01 04:36:21 PM","909","MEET W/CITIZEN",,"909","MEET W/CITIZEN",,"C","C","Police","HAN","Y","false","VENUS ST \ WILLIAMS AVE","20613000","POINT (-122.39807431 37.730037344)","10","Bayview Hunters Point","BAYVIEW","2025/02/02 04:30:04 AM","2026/01/11 05:09:17 AM","2026/01/11 05:25:04 AM","closecall2025-02-02_04-30-04.txt"
"250322013",,"PD250062806","2025/02/01 03:38:10 PM","2025/02/01 03:42:16 PM","2025/02/01 04:00:14 PM","2025/02/01 04:00:14 PM","2025/02/01 04:10:26 PM","2025/02/01 05:10:44 PM","240","ASSAULT / BATTERY","ATTEMPT","418","FIGHT NO WEAPON","RM/RM","B","A","Police","REP","N","false","ALEMANY BLVD \ THERESA ST","21766000","POINT (-122.434478649 37.728731783)","11","Outer Mission","INGLESIDE","2025/02/02 04:30:04 AM","2026/01/11 05:09:17 AM","2026/01/11 05:25:04 AM","closecall2025-02-02_04-30-04.txt"
"250322063",,,"2025/02/01 04:00:36 PM","2025/02/01 04:00:36 PM","2025/02/01 04:00:36 PM","2025/02/01 04:00:36 PM","2025/02/01 04:00:36 PM","2025/02/01 04:06:25 PM","903","PASSING CALL",,"903","PASSING CALL",,"C","C","Police","HAN","Y","false","EGBERT AVE \ HAWES ST","51651000","POINT (-122.388917217 37.720562253)","10","Bayview Hunters Point","BAYVIEW","2025/02/02 04:30:04 AM","2026/01/11 05:09:17 AM","2026/01/11 05:25:04 AM","closecall2025-02-02_04-30-04.txt"
"250321812",,,"2025/02/01 02:29:42 PM","2025/02/01 02:32:26 PM","2025/02/01 04:01:24 PM","2025/02/01 04:01:24 PM","2025/02/01 04:36:07 PM","2025/02/01 04:45:21 PM","418","FIGHT NO WEAPON",,"418","FIGHT NO WEAPON",,"B","B","Police","HAN","N","false","EDDY ST \ HYDE ST","25138000","POINT (-122.415882538 37.783515641)","5","Tenderloin","TENDERLOIN","2025/02/02 04:30:04 AM","2026/01/11 05:09:17 AM","2026/01/11 05:25:04 AM","closecall2025-02-02_04-30-04.txt"
"250322001",,,"2025/02/01 03:38:34 PM","2025/02/01 03:38:34 PM","2025/02/01 04:02:06 PM","2025/02/01 04:02:06 PM","2025/02/01 04:11:55 PM","2025/02/01 04:12:37 PM","587","TRAF VIOLATION CITE",,"587","TRAF VIOLATION CITE","22500E/.25","C","C","Municipal Transportation Agency","CIT","N","false","21ST ST \ FLORIDA ST","23995000","POINT (-122.410526545 37.757538723)","9","Mission","MISSION","2025/02/02 04:30:04 AM","2026/01/11 05:09:17 AM","2026/01/11 05:25:04 AM","closecall2025-02-02_04-30-04.txt"
"250322065",,,"2025/02/01 04:00:49 PM","2025/02/01 04:02:10 PM","2025/02/01 04:03:22 PM","2025/02/01 04:03:22 PM","2025/02/01 04:10:45 PM","2025/02/01 04:20:58 PM","913","COMPLAINT UNKN",,"913","COMPLAINT UNKN",,"A","A","Police","HAN","N","false","29TH AVE \ GEARY BLVD","27839000","POINT (-122.489013493 37.779890575)","1","Outer Richmond","RICHMOND","2025/02/02 04:30:04 AM","2026/01/11 05:09:17 AM","2026/01/11 05:25:04 AM","closecall2025-02-02_04-30-04.txt"
"250322029",,"PD250062771","2025/02/01 03:45:43 PM","2025/02/01 03:47:21 PM","2025/02/01 04:05:22 PM","2025/02/01 04:05:22 PM","2025/02/01 04:10:03 PM","2025/02/01 04:47:44 PM","602","PERSON BREAKING IN",,"602","PERSON BREAKING IN",,"C","C","Police","REP","N","false","CASTRO ST \ CESAR CHAVEZ ST","22021000","POINT (-122.433697306 37.747296999)","8","Noe Valley","MISSION","2025/02/02 04:30:04 AM","2026/01/11 05:09:17 AM","2026/01/11 05:25:04 AM","closecall2025-02-02_04-30-04.txt"
"250321862",,,"2025/02/01 02:50:26 PM","2025/02/01 02:50:26 PM","2025/02/01 04:05:37 PM","2025/02/01 04:05:37 PM","2025/02/01 04:17:39 PM","2025/02/01 04:18:29 PM","587","TRAF VIOLATION CITE",,"587","TRAF VIOLATION CITE","500E","C","C","Municipal Transportation Agency","NOM","N","false","EXCELSIOR AVE \ PARIS ST","21759000","POINT (-122.432053821 37.725488077)","11","Excelsior","INGLESIDE","2025/02/02 04:30:04 AM","2026/01/11 05:09:17 AM","2026/01/11 05:25:04 AM","closecall2025-02-02_04-30-04.txt"
"250321770",,,"2025/02/01 02:15:50 PM","2025/02/01 02:17:43 PM","2025/02/01 04:06:19 PM","2025/02/01 04:06:19 PM","2025/02/01 04:19:55 PM","2025/02/01 04:21:13 PM","418","FIGHT NO WEAPON","LLTN","418","FIGHT NO WEAPON","LLTN","C","C","Police","UTL","N","false","16TH ST \ ALABAMA ST","24056000","POINT (-122.412416426 37.765489809)","9","Mission","MISSION","2025/02/02 04:30:04 AM","2026/01/11 05:09:17 AM","2026/01/11 05:25:04 AM","closecall2025-02-02_04-30-04.txt"
"250322000",,,"2025/02/01 03:34:00 PM","2025/02/01 03:38:21 PM","2025/02/01 04:07:12 PM","2025/02/01 04:07:12 PM","2025/02/01 04:14:23 PM","2025/02/01 04:19:25 PM","418","FIGHT NO WEAPON","601","418","FIGHT NO WEAPON","601","B","B","Police","HAN","N","false","ESMERALDA AVE \ HOLLADAY AVE","21088000","POINT (-122.406710926 37.743351789)","9","Bernal Heights","INGLESIDE","2025/02/02 04:30:04 AM","2026/01/11 05:09:17 AM","2026/01/11 05:25:04 AM","closecall2025-02-02_04-30-04.txt"
"250322077",,,"2025/02/01 04:07:39 PM","2025/02/01 04:07:39 PM","2025/02/01 04:07:39 PM","2025/02/01 04:07:39 PM","2025/02/01 04:07:39 PM","2025/02/01 04:56:21 PM","903","PASSING CALL",,"903","PASSING CALL",,"C","C","Police","HAN","Y","false","CALIFORNIA ST \ FILLMORE ST","26611000","POINT (-122.433839654 37.788906284)","2","Pacific Heights","NORTHERN","2025/02/02 04:30:04 AM","2026/01/11 05:09:17 AM","2026/01/11 05:25:04 AM","closecall2025-02-02_04-30-04.txt"
"250321954",,,"2025/02/01 03:20:44 PM","2025/02/01 03:22:42 PM","2025/02/01 04:07:56 PM","2025/02/01 04:07:56 PM","2025/02/01 04:10:02 PM","2025/02/01 04:41:51 PM","409","TOW TRUCK","7.2.27","409","TOW TRUCK","7.2.27","C","C","Municipal Transportation Agency","HAN","N","false","GREENWICH ST \ STEINER ST","26765000","POINT (-122.437514361 37.798742207)","2","Marina","NORTHERN","2025/02/02 04:30:04 AM","2026/01/11 05:09:17 AM","2026/01/11 05:25:04 AM","closecall2025-02-02_04-30-04.txt"
"250322076",,,"2025/02/01 04:05:27 PM","2025/02/01 04:06:33 PM","2025/02/01 04:08:10 PM","2025/02/01 04:08:10 PM","2025/02/01 04:10:39 PM","2025/02/01 04:13:22 PM","910","WELL BEING CHECK",,"910","WELL BEING CHECK",,"A","A","Police","UTL","N","false","LARKIN ST \ OFARRELL ST","25152000","POINT (-122.41790141 37.785167215)","5","Tenderloin","NORTHERN","2025/02/02 04:30:04 AM","2026/01/11 05:09:17 AM","2026/01/11 05:25:04 AM","closecall2025-02-02_04-30-04.txt"
"250322081",,,"2025/02/01 04:09:37 PM","2025/02/01 04:09:37 PM","2025/02/01 04:09:37 PM","2025/02/01 04:09:37 PM","2025/02/01 04:09:37 PM","2025/02/01 04:13:38 PM","903","PASSING CALL",,"903","PASSING CALL",,"C","C","Police","HAN","Y","false","24TH ST \ OSAGE ALY","24089000","POINT (-122.419017543 37.752204442)","9","Mission","MISSION","2025/02/02 04:30:04 AM","2026/01/11 05:09:17 AM","2026/01/11 05:25:04 AM","closecall2025-02-02_04-30-04.txt"
"250322086",,,"2025/02/01 04:10:46 PM","2025/02/01 04:10:46 PM","2025/02/01 04:10:46 PM","2025/02/01 04:10:46 PM","2025/02/01 04:10:46 PM","2025/02/01 04:18:48 PM","520","AIDED CASE",,"520","AIDED CASE",,"C","C","Police","HAN","Y","false","MINNA ST \ SHAW ALY","24600000","POINT (-122.398020554 37.788556295)","6","Financial District/South Beach","SOUTHERN","2025/02/02 04:30:04 AM","2026/01/11 05:09:17 AM","2026/01/11 05:25:04 AM","closecall2025-02-02_04-30-04.txt"
"250322025",,,"2025/02/01 03:42:50 PM","2025/02/01 03:45:12 PM","2025/02/01 04:11:10 PM","2025/02/01 04:11:10 PM","2025/02/01 04:17:48 PM","2025/02/01 04:58:32 PM","910","WELL BEING CHECK",,"910","WELL BEING CHECK",,"B","B","Police","HAN","N","false","GEARY ST \ POLK ST","25182000","POINT (-122.419738734 37.785892901)","5","Tenderloin","NORTHERN","2025/02/02 04:30:04 AM","2026/01/11 05:09:17 AM","2026/01/11 05:25:04 AM","closecall2025-02-02_04-30-04.txt"
"250321792",,,"2025/02/01 02:25:17 PM","2025/02/01 02:25:17 PM","2025/02/01 04:11:22 PM","2025/02/01 04:11:22 PM","2025/02/01 04:27:52 PM","2025/02/01 05:11:21 PM","588","TRAF VIOLATION TOW",,"588","TRAF VIOLATION TOW",,"C","C","Municipal Transportation Agency","HAN","N","false","38TH AVE \ CABRILLO ST","27865000","POINT (-122.498249666 37.773799858)","1","Outer Richmond","RICHMOND","2025/02/02 04:30:04 AM","2026/01/11 05:09:17 AM","2026/01/11 05:25:04 AM","closecall2025-02-02_04-30-04.txt"
"250321816",,,"2025/02/01 02:33:35 PM","2025/02/01 02:33:35 PM","2025/02/01 04:12:47 PM","2025/02/01 04:12:47 PM","2025/02/01 04:23:12 PM","2025/02/01 04:23:32 PM","587","TRAF VIOLATION CITE",,"587","TRAF VIOLATION CITE","500E","C","C","Municipal Transportation Agency","GOA","N","false","26TH ST \ CAPP ST","21305000","POINT (-122.417048845 37.749106506)","9","Mission","MISSION","2025/02/02 04:30:04 AM","2026/01/11 05:09:17 AM","2026/01/11 05:25:04 AM","closecall2025-02-02_04-30-04.txt"
"250321948",,,"2025/02/01 03:20:52 PM","2025/02/01 03:21:17 PM","2025/02/01 04:13:12 PM","2025/02/01 04:13:12 PM","2025/02/01 04:20:42 PM","2025/02/01 04:20:47 PM","415","NOISE NUISANCE",,"415","NOISE NUISANCE",,"C","C","Police","UTL","N","false","20TH ST \ CAPP ST","24130000","POINT (-122.417964705 37.758698273)","9","Mission","MISSION","2025/02/02 04:30:04 AM","2026/01/11 05:09:17 AM","2026/01/11 05:25:04 AM","closecall2025-02-02_04-30-04.txt"
"250322041",,"PD250062793","2025/02/01 03:49:05 PM","2025/02/01 03:52:22 PM","2025/02/01 04:13:30 PM","2025/02/01 04:13:30 PM","2025/02/01 04:38:23 PM","2025/02/02 01:05:51 AM","917","SUSPICIOUS PERSON","SALES","917","SUSPICIOUS PERSON","SALES","B","B","Police","REP","N","false","HYDE ST \ OFARRELL ST","25145000","POINT (-122.416259706 37.785375975)","5","Tenderloin","TENDERLOIN","2025/02/03 04:30:13 AM","2026/01/11 05:09:17 AM","2026/01/11 05:25:04 AM","closecall2025-02-03_04-30-13.txt"
"250322101",,,"2025/02/01 04:15:57 PM","2025/02/01 04:15:57 PM","2025/02/01 04:15:57 PM","2025/02/01 04:15:57 PM","2025/02/01 04:15:57 PM","2025/02/01 04:25:15 PM","903","PASSING CALL",,"903","PASSING CALL",,"C","C","Police","HAN","Y","false","16TH ST \ WIESE ST","24180000","POINT (-122.420482492 37.765002197)","9","Mission","MISSION","2025/02/02 04:30:04 AM","2026/01/11 05:09:17 AM","2026/01/11 05:25:04 AM","closecall2025-02-02_04-30-04.txt"
"250322105",,,"2025/02/01 04:17:15 PM","2025/02/01 04:17:15 PM","2025/02/01 04:17:15 PM","2025/02/01 04:17:15 PM","2025/02/01 04:17:15 PM","2025/02/01 04:51:12 PM","903","PASSING CALL",,"903","PASSING CALL",,"C","C","Police","HAN","Y","false","Not Available",,,,,"NORTHERN","2025/02/02 04:30:04 AM","2026/01/11 05:09:17 AM","2026/01/11 05:25:04 AM","closecall2025-02-02_04-30-04.txt"
"250322016",,,"2025/02/01 03:42:45 PM","2025/02/01 03:42:45 PM","2025/02/01 04:18:51 PM","2025/02/01 04:18:51 PM",,"2025/02/01 04:30:40 PM","587","TRAF VIOLATION CITE",,"587","TRAF VIOLATION CITE",,"C","C","Municipal Transportation Agency","GOA","N","false","EDINBURGH ST \ EXCELSIOR AVE","21647000","POINT (-122.429652126 37.724343337)","11","Excelsior","INGLESIDE","2025/02/02 04:30:04 AM","2026/01/11 05:09:17 AM","2026/01/11 05:25:04 AM","closecall2025-02-02_04-30-04.txt"
"250322090",,,"2025/02/01 04:09:37 PM","2025/02/01 04:11:30 PM","2025/02/01 04:19:46 PM","2025/02/01 04:19:46 PM","2025/02/01 04:25:00 PM","2025/02/01 04:25:44 PM","418","FIGHT NO WEAPON","601","418","FIGHT NO WEAPON","601","B","B","Police","GOA","N","false","14TH AVE \ GEARY BLVD","27480000","POINT (-122.472843994 37.780630788)","1","Outer Richmond","RICHMOND","2025/02/02 04:30:04 AM","2026/01/11 05:09:17 AM","2026/01/11 05:25:04 AM","closecall2025-02-02_04-30-04.txt"
"250322113",,,"2025/02/01 04:20:10 PM","2025/02/01 04:20:10 PM","2025/02/01 04:20:10 PM","2025/02/01 04:20:10 PM","2025/02/01 04:20:10 PM","2025/02/01 05:14:02 PM","903","PASSING CALL",,"903","PASSING CALL",,"C","C","Police",,"Y","false","FULTON ST \ PIERCE ST","26054000","POINT (-122.434863772 37.777280665)","5","Hayes Valley","PARK","2025/02/02 04:30:04 AM","2026/01/11 05:09:17 AM","2026/01/11 05:25:04 AM","closecall2025-02-02_04-30-04.txt"
"250322114",,,"2025/02/01 04:20:19 PM","2025/02/01 04:20:19 PM","2025/02/01 04:20:19 PM","2025/02/01 04:20:19 PM","2025/02/01 04:20:19 PM","2025/02/01 04:33:24 PM","903","PASSING CALL",,"903","PASSING CALL",,"C","C","Police","HAN","Y","false","KEITH ST \ THOMAS AVE","20160000","POINT (-122.389418721 37.729353886)","10","Bayview Hunters Point","BAYVIEW","2025/02/02 04:30:04 AM","2026/01/11 05:09:17 AM","2026/01/11 05:25:04 AM","closecall2025-02-02_04-30-04.txt"
"250322034",,,"2025/02/01 03:48:16 PM","2025/02/01 03:49:36 PM","2025/02/01 04:21:06 PM","2025/02/01 04:21:06 PM","2025/02/01 04:25:08 PM","2025/02/01 04:25:35 PM","917","SUSPICIOUS PERSON",,"917","SUSPICIOUS PERSON",,"C","C","Police","UTL","N","false","21ST ST \ SHOTWELL ST","24080000","POINT (-122.415626197 37.757232409)","9","Mission","MISSION","2025/02/02 04:30:04 AM","2026/01/11 05:09:17 AM","2026/01/11 05:25:04 AM","closecall2025-02-02_04-30-04.txt"
"250321930",,,"2025/02/01 03:09:10 PM","2025/02/01 03:14:25 PM","2025/02/01 04:21:20 PM","2025/02/01 04:21:20 PM","2025/02/01 04:25:58 PM","2025/02/01 04:55:42 PM","240","ASSAULT / BATTERY",,"240","ASSAULT / BATTERY",,"B","B","Police","HAN","N","false","20TH AVE \ GEARY BLVD","27505000","POINT (-122.479382975 37.78033469)","1","Outer Richmond","RICHMOND","2025/02/02 04:30:04 AM","2026/01/11 05:09:17 AM","2026/01/11 05:25:04 AM","closecall2025-02-02_04-30-04.txt"
"250321967",,,"2025/02/01 03:25:04 PM","2025/02/01 03:26:46 PM","2025/02/01 04:21:20 PM","2025/02/01 04:21:20 PM","2025/02/01 04:33:08 PM","2025/02/01 04:33:15 PM","587","TRAF VIOLATION CITE","7.2.27","587","TRAF VIOLATION CITE","7.2.27","C","C","Municipal Transportation Agency","CIT","N","false","GOLDEN GATE AVE \ JONES ST","24326000","POINT (-122.412220736 37.782073068)","5","Tenderloin","TENDERLOIN","2025/02/02 04:30:04 AM","2026/01/11 05:09:17 AM","2026/01/11 05:25:04 AM","closecall2025-02-02_04-30-04.txt"
"250322126",,,"2025/02/01 04:18:50 PM","2025/02/01 04:22:36 PM","2025/02/01 04:23:10 PM","2025/02/01 04:23:10 PM","2025/02/01 04:40:18 PM","2025/02/01 04:44:39 PM","418DV","FIGHT NO WEAPON DV",,"418DV","FIGHT NO WEAPON DV",,"B","B","Police","UTL","N","true",,,,,,,"2025/02/02 04:30:04 AM","2026/01/11 05:09:17 AM","2026/01/11 05:25:04 AM","closecall2025-02-02_04-30-04.txt"
"250321723",,,"2025/02/01 02:02:01 PM","2025/02/01 02:02:01 PM","2025/02/01 04:23:45 PM","2025/02/01 04:23:45 PM",,"2025/02/01 04:23:56 PM","588","TRAF VIOLATION TOW",,"587","TRAF VIOLATION CITE","500E","C","C","Municipal Transportation Agency","GOA","N","false","24TH ST \ CAPP ST","24070000","POINT (-122.417357817 37.752305979)","9","Mission","MISSION","2025/02/02 04:30:04 AM","2026/01/11 05:09:17 AM","2026/01/11 05:25:04 AM","closecall2025-02-02_04-30-04.txt"
"250321861",,,"2025/02/01 02:50:23 PM","2025/02/01 02:50:23 PM","2025/02/01 04:24:01 PM","2025/02/01 04:24:01 PM","2025/02/01 04:39:56 PM","2025/02/01 04:43:21 PM","587","TRAF VIOLATION CITE",,"587","TRAF VIOLATION CITE","500E","C","C","Municipal Transportation Agency","CIT","N","false","23RD ST \ CAPP ST","24076000","POINT (-122.417505901 37.753902052)","9","Mission","MISSION","2025/02/02 04:30:04 AM","2026/01/11 05:09:17 AM","2026/01/11 05:25:04 AM","closecall2025-02-02_04-30-04.txt"
"250322100",,,"2025/02/01 04:02:51 PM","2025/02/01 04:14:28 PM","2025/02/01 04:24:29 PM","2025/02/01 04:24:29 PM","2025/02/01 04:48:09 PM","2025/02/01 04:50:38 PM","910","WELL BEING CHECK",,"910","WELL BEING CHECK",,"B","B","Police","UTL","N","false","AVILA ST \ CAPRA WAY","26983000","POINT (-122.440780072 37.802618613)","2","Marina","NORTHERN","2025/02/02 04:30:04 AM","2026/01/11 05:09:17 AM","2026/01/11 05:25:04 AM","closecall2025-02-02_04-30-04.txt"
"250321976",,,"2025/02/01 03:30:11 PM","2025/02/01 03:30:11 PM","2025/02/01 04:26:11 PM","2025/02/01 04:26:11 PM","2025/02/01 04:34:19 PM","2025/02/01 04:36:36 PM","587","TRAF VIOLATION CITE",,"587","TRAF VIOLATION CITE","22500E","C","C","Municipal Transportation Agency","CIT","N","false","26TH AVE \ IRVING ST","27433000","POINT (-122.484626653 37.763231349)","4","Sunset/Parkside","TARAVAL","2025/02/02 04:30:04 AM","2026/01/11 05:09:17 AM","2026/01/11 05:25:04 AM","closecall2025-02-02_04-30-04.txt"
"250322109",,,"2025/02/01 04:16:00 PM","2025/02/01 04:19:00 PM","2025/02/01 04:26:52 PM","2025/02/01 04:26:52 PM","2025/02/01 04:28:08 PM","2025/02/01 04:39:35 PM","917","SUSPICIOUS PERSON",,"917","SUSPICIOUS PERSON",,"C","C","Police","ADV","N","false","24TH ST \ OSAGE ALY","24089000","POINT (-122.419017543 37.752204442)","9","Mission","MISSION","2025/02/02 04:30:04 AM","2026/01/11 05:09:17 AM","2026/01/11 05:25:04 AM","closecall2025-02-02_04-30-04.txt"
"250322119",,,"2025/02/01 04:18:12 PM","2025/02/01 04:21:37 PM","2025/02/01 04:28:41 PM","2025/02/01 04:28:41 PM","2025/02/01 04:42:29 PM","2025/02/01 05:09:55 PM","586","TRAFFIC HAZARD","916","586","TRAFFIC HAZARD","916","B","B","Police","HAN","N","false","42ND AVE \ IRVING ST","27799000","POINT (-122.501770514 37.762474673)","4","Sunset/Parkside","TARAVAL","2025/02/02 04:30:04 AM","2026/01/11 05:09:17 AM","2026/01/11 05:25:04 AM","closecall2025-02-02_04-30-04.txt"
"250322141",,,"2025/02/01 04:30:34 PM","2025/02/01 04:30:34 PM","2025/02/01 04:30:34 PM","2025/02/01 04:30:34 PM","2025/02/01 04:30:34 PM","2025/02/01 04:32:29 PM","311","INDECENT EXPOSURE",,"311","INDECENT EXPOSURE",,"A","A","Police","ADV","Y","false","08TH ST \ STEVENSON ST","24327000","POINT (-122.414143376 37.778240884)","6","South of Market","SOUTHERN","2025/02/02 04:30:04 AM","2026/01/11 05:09:17 AM","2026/01/11 05:25:04 AM","closecall2025-02-02_04-30-04.txt"
"250321791",,,"2025/02/01 02:25:13 PM","2025/02/01 02:25:13 PM","2025/02/01 04:31:11 PM","2025/02/01 04:31:11 PM","2025/02/01 04:41:00 PM","2025/02/01 04:41:15 PM","587","TRAF VIOLATION CITE",,"587","TRAF VIOLATION CITE","22500H","C","C","Municipal Transportation Agency","GOA","N","false","KEARNY ST \ VALLEJO ST","24842000","POINT (-122.405645269 37.798969309)","3","North Beach","CENTRAL","2025/02/02 04:30:04 AM","2026/01/11 05:09:17 AM","2026/01/11 05:25:04 AM","closecall2025-02-02_04-30-04.txt"
"250321618",,,"2025/02/01 01:28:30 PM","2025/02/01 01:28:30 PM","2025/02/01 04:31:18 PM","2025/02/01 04:31:18 PM","2025/02/01 04:32:31 PM","2025/02/01 04:35:36 PM","587","TRAF VIOLATION CITE",,"587","TRAF VIOLATION CITE","DW","C","C","Municipal Transportation Agency","CIT","N","false","OCEAN AVE \ PERSIA AVE","21748000","POINT (-122.436449314 37.723787847)","11","Outer Mission","INGLESIDE","2025/02/02 04:30:04 AM","2026/01/11 05:09:17 AM","2026/01/11 05:25:04 AM","closecall2025-02-02_04-30-04.txt"
"250322146",,,"2025/02/01 04:32:27 PM","2025/02/01 04:32:27 PM","2025/02/01 04:32:27 PM","2025/02/01 04:32:27 PM","2025/02/01 04:32:27 PM","2025/02/01 04:34:24 PM","903","PASSING CALL",,"903","PASSING CALL",,"C","C","Police",,"Y","false","24TH ST \ POTRERO AVE","23953000","POINT (-122.406336237 37.753004031)","9","Mission","MISSION","2025/02/02 04:30:04 AM","2026/01/11 05:09:17 AM","2026/01/11 05:25:04 AM","closecall2025-02-02_04-30-04.txt"
"250321969",,,"2025/02/01 03:26:22 PM","2025/02/01 03:27:31 PM","2025/02/01 04:32:50 PM","2025/02/01 04:32:50 PM",,"2025/02/01 04:43:16 PM","488","PETTY THEFT",,"488","PETTY THEFT",,"B","B","Police","GOA","N","false","GEARY ST \ MASON ST","24917000","POINT (-122.409874016 37.787149143)","3","Tenderloin","CENTRAL","2025/02/02 04:30:04 AM","2026/01/11 05:09:17 AM","2026/01/11 05:25:04 AM","closecall2025-02-02_04-30-04.txt"
"250322155",,,"2025/02/01 04:33:32 PM","2025/02/01 04:33:32 PM","2025/02/01 04:33:32 PM","2025/02/01 04:33:32 PM","2025/02/01 04:33:32 PM","2025/02/01 04:39:27 PM","903","PASSING CALL",,"903","PASSING CALL",,"C","C","Police","HAN","Y","false","KEITH ST \ THOMAS AVE","20160000","POINT (-122.389418721 37.729353886)","10","Bayview Hunters Point","BAYVIEW","2025/02/02 04:30:04 AM","2026/01/11 05:09:17 AM","2026/01/11 05:25:04 AM","closecall2025-02-02_04-30-04.txt"
"250321945",,,"2025/02/01 03:19:36 PM","2025/02/01 03:19:36 PM","2025/02/01 04:33:43 PM","2025/02/01 04:33:43 PM","2025/02/01 04:39:17 PM","2025/02/01 04:39:21 PM","587","TRAF VIOLATION CITE",,"587","TRAF VIOLATION CITE","500F","C","C","Municipal Transportation Agency","GOA","N","false","07TH ST \ NATOMA ST","24289000","POINT (-122.40993824 37.778416282)","6","South of Market","SOUTHERN","2025/02/02 04:30:04 AM","2026/01/11 05:09:17 AM","2026/01/11 05:25:04 AM","closecall2025-02-02_04-30-04.txt"
"250322149",,,"2025/02/01 04:32:14 PM","2025/02/01 04:32:53 PM","2025/02/01 04:34:24 PM","2025/02/01 04:34:24 PM","2025/02/01 04:43:36 PM","2025/02/01 04:48:39 PM","913","COMPLAINT UNKN",,"913","COMPLAINT UNKN",,"B","B","Police","HAN","N","false","15TH ST \ HARRISON ST","24224000","POINT (-122.413259822 37.767069975)","9","Mission","MISSION","2025/02/02 04:30:04 AM","2026/01/11 05:09:17 AM","2026/01/11 05:25:04 AM","closecall2025-02-02_04-30-04.txt"
"250322160",,"PD250062834","2025/02/01 04:35:23 PM","2025/02/01 04:35:23 PM","2025/02/01 04:35:23 PM","2025/02/01 04:35:23 PM","2025/02/01 04:35:23 PM","2025/02/01 06:51:00 PM","917","SUSPICIOUS PERSON",,"917","SUSPICIOUS PERSON",,"C","C","Police","REP","Y","false","APOLLO ST \ WILLIAMS AVE","20612000","POINT (-122.398970458 37.730164614)","10","Bayview Hunters Point","BAYVIEW","2025/02/02 04:30:04 AM","2026/01/11 05:09:17 AM","2026/01/11 05:25:04 AM","closecall2025-02-02_04-30-04.txt"
"250321964",,,"2025/02/01 03:25:53 PM","2025/02/01 03:25:53 PM","2025/02/01 04:35:44 PM","2025/02/01 04:35:44 PM","2025/02/01 04:43:38 PM","2025/02/01 04:43:41 PM","587","TRAF VIOLATION CITE",,"587","TRAF VIOLATION CITE",,"C","C","Municipal Transportation Agency","GOA","N","false","PARIS ST \ ROLPH ST","21476000","POINT (-122.43990554 37.715014422)","11","Excelsior","INGLESIDE","2025/02/02 04:30:04 AM","2026/01/11 05:09:17 AM","2026/01/11 05:25:04 AM","closecall2025-02-02_04-30-04.txt"
"250321982",,,"2025/02/01 03:32:21 PM","2025/02/01 03:32:21 PM","2025/02/01 04:36:43 PM","2025/02/01 04:36:43 PM","2025/02/01 04:47:29 PM","2025/02/01 04:51:18 PM","587","TRAF VIOLATION CITE",,"587","TRAF VIOLATION CITE","22500E","C","C","Municipal Transportation Agency","CIT","N","false","35TH AVE \ TARAVAL ST","23375000","POINT (-122.492836942 37.742295793)","4","Sunset/Parkside","TARAVAL","2025/02/02 04:30:04 AM","2026/01/11 05:09:17 AM","2026/01/11 05:25:04 AM","closecall2025-02-02_04-30-04.txt"
"250322040",,,"2025/02/01 03:49:14 PM","2025/02/01 03:52:13 PM","2025/02/01 04:39:00 PM","2025/02/01 04:39:00 PM","2025/02/01 04:43:35 PM","2025/02/01 05:04:06 PM","418","FIGHT NO WEAPON","601","418","FIGHT NO WEAPON","601","B","B","Police","HAN","N","false","17TH ST \ KANSAS ST","23774000","POINT (-122.403527034 37.76472287)","10","Potrero Hill","BAYVIEW","2025/02/02 04:30:04 AM","2026/01/11 05:09:17 AM","2026/01/11 05:25:04 AM","closecall2025-02-02_04-30-04.txt"
"250321760",,,"2025/02/01 02:14:37 PM","2025/02/01 02:14:37 PM","2025/02/01 04:39:30 PM","2025/02/01 04:39:30 PM","2025/02/01 04:49:23 PM","2025/02/01 04:50:02 PM","587","TRAF VIOLATION CITE",,"587","TRAF VIOLATION CITE","500F","C","C","Municipal Transportation Agency","GOA","N","false","BEALE ST \ HARRISON ST","24495000","POINT (-122.391179658 37.787455187)","6","Financial District/South Beach","SOUTHERN","2025/02/02 04:30:04 AM","2026/01/11 05:09:17 AM","2026/01/11 05:25:04 AM","closecall2025-02-02_04-30-04.txt"
"250322135",,,"2025/02/01 04:20:53 PM","2025/02/01 04:28:08 PM","2025/02/01 04:40:14 PM","2025/02/01 04:40:14 PM","2025/02/01 04:40:14 PM","2025/02/01 04:55:50 PM","917","SUSPICIOUS PERSON","909","917","SUSPICIOUS PERSON","909","C","C","Police","ADV","N","false","23RD ST \ CAPP ST","24076000","POINT (-122.417505901 37.753902052)","9","Mission","MISSION","2025/02/02 04:30:04 AM","2026/01/11 05:09:17 AM","2026/01/11 05:25:04 AM","closecall2025-02-02_04-30-04.txt"
"250322011",,,"2025/02/01 03:38:51 PM","2025/02/01 03:41:39 PM","2025/02/01 04:41:24 PM","2025/02/01 04:41:24 PM","2025/02/01 04:41:24 PM","2025/02/01 05:11:39 PM","916","SUSPICIOUS VEHICLE",,"916","SUSPICIOUS VEHICLE",,"C","C","Police","HAN","N","false","41ST AVE \ GEARY BLVD","27912000","POINT (-122.501870996 37.779307123)","1","Outer Richmond","RICHMOND","2025/02/02 04:30:04 AM","2026/01/11 05:09:17 AM","2026/01/11 05:25:04 AM","closecall2025-02-02_04-30-04.txt"
"250322182",,,"2025/02/01 04:42:01 PM","2025/02/01 04:42:01 PM","2025/02/01 04:42:01 PM","2025/02/01 04:42:01 PM","2025/02/01 04:42:01 PM","2025/02/01 04:48:26 PM","585","TRAFFIC STOP",,"585","TRAFFIC STOP",,"B","B","Police","CIT","Y","false","16TH AVE \ JUDAH ST","27355000","POINT (-122.473782857 37.761841255)","7","Inner Sunset","TARAVAL","2025/02/02 04:30:04 AM","2026/01/11 05:09:17 AM","2026/01/11 05:25:04 AM","closecall2025-02-02_04-30-04.txt"
"250322183",,"PD250062840","2025/02/01 04:42:18 PM","2025/02/01 04:42:18 PM","2025/02/01 04:42:18 PM","2025/02/01 04:42:18 PM","2025/02/01 04:42:18 PM","2025/02/01 05:29:35 PM","909","MEET W/CITIZEN",,"909","MEET W/CITIZEN",,"C","C","Police","REP","Y","false","24TH AVE \ SANTIAGO ST","23262000","POINT (-122.481181215 37.744681183)","4","Sunset/Parkside","TARAVAL","2025/02/02 04:30:04 AM","2026/01/11 05:09:17 AM","2026/01/11 05:25:04 AM","closecall2025-02-02_04-30-04.txt"
"250322136",,,"2025/02/01 04:28:45 PM","2025/02/01 04:28:45 PM","2025/02/01 04:42:39 PM","2025/02/01 04:42:39 PM","2025/02/01 04:52:53 PM","2025/02/01 04:55:06 PM","588","TRAF VIOLATION TOW",,"588","TRAF VIOLATION TOW","22500E","C","C","Municipal Transportation Agency","CIT","N","false","FILBERT ST \ STOCKTON ST","25366000","POINT (-122.409369117 37.801370656)","3","North Beach","CENTRAL","2025/02/02 04:30:04 AM","2026/01/11 05:09:17 AM","2026/01/11 05:25:04 AM","closecall2025-02-02_04-30-04.txt"
"250322092",,,"2025/02/01 04:01:27 PM","2025/02/01 04:11:53 PM","2025/02/01 04:43:33 PM","2025/02/01 04:43:33 PM","2025/02/01 05:33:01 PM","2025/02/02 06:33:55 PM","905","MEET W/CITY EMPLOYEE","SHELTER / 650","905","MEET W/CITY EMPLOYEE","SHELTER / 650","B","B","Police","CAN","N","false","JONES ST \ POST ST","24965000","POINT (-122.413353964 37.787663599)","3","Tenderloin","CENTRAL","2025/02/03 04:30:13 AM","2026/01/11 05:09:17 AM","2026/01/11 05:25:04 AM","closecall2025-02-03_04-30-13.txt"
"250321756",,,"2025/02/01 02:12:35 PM","2025/02/01 02:12:35 PM","2025/02/01 04:43:34 PM","2025/02/01 04:43:34 PM","2025/02/01 04:56:11 PM","2025/02/01 04:56:14 PM","587","TRAF VIOLATION CITE",,"587","TRAF VIOLATION CITE","500E","C","C","Municipal Transportation Agency","GOA","N","false","24TH ST \ YORK ST","23957000","POINT (-122.408188968 37.752852404)","9","Mission","MISSION","2025/02/02 04:30:04 AM","2026/01/11 05:09:17 AM","2026/01/11 05:25:04 AM","closecall2025-02-02_04-30-04.txt"
"250321686",,,"2025/02/01 01:46:15 PM","2025/02/01 01:47:08 PM","2025/02/01 04:43:50 PM","2025/02/01 04:43:50 PM","2025/02/01 04:43:56 PM","2025/02/01 04:55:17 PM","587","TRAF VIOLATION CITE","22500E","587","TRAF VIOLATION CITE","22500E","C","C","Municipal Transportation Agency","CIT","N","false","CONCORD ST \ CROSS ST","21479000","POINT (-122.443118254 37.71339923)","11","Excelsior","INGLESIDE","2025/02/02 04:30:04 AM","2026/01/11 05:09:17 AM","2026/01/11 05:25:04 AM","closecall2025-02-02_04-30-04.txt"
"250322180",,,"2025/02/01 04:40:59 PM","2025/02/01 04:41:49 PM","2025/02/01 04:44:01 PM","2025/02/01 04:44:01 PM","2025/02/01 04:47:14 PM","2025/02/01 04:55:07 PM","918","PERSON SCREAMING",,"918","PERSON SCREAMING",,"A","A","Police","HAN","N","false","HYDE ST \ TURK ST","24933000","POINT (-122.415693873 37.782585033)","5","Tenderloin","TENDERLOIN","2025/02/02 04:30:04 AM","2026/01/11 05:09:17 AM","2026/01/11 05:25:04 AM","closecall2025-02-02_04-30-04.txt"
"250322187",,"PD250062884","2025/02/01 04:44:18 PM","2025/02/01 04:44:18 PM","2025/02/01 04:44:50 PM","2025/02/01 04:44:50 PM","2025/02/01 04:58:26 PM","2025/02/01 07:23:26 PM","9E1","CARD ARR E/OR","ARREST + APNEA","905","MEET W/CITY EMPLOYEE",,"E","A","Police","REP","N","false","HYDE ST \ PINE ST","25234000","POINT (-122.4172048 37.790045141)","3","Nob Hill","CENTRAL","2025/02/02 04:30:04 AM","2026/01/11 05:09:17 AM","2026/01/11 05:25:04 AM","closecall2025-02-02_04-30-04.txt"
"250322190",,,"2025/02/01 04:44:52 PM","2025/02/01 04:44:52 PM","2025/02/01 04:44:52 PM","2025/02/01 04:44:52 PM","2025/02/01 04:44:52 PM","2025/02/01 05:06:24 PM","903","PASSING CALL",,"903","PASSING CALL",,"C","C","Police","HAN","Y","false","24TH ST \ OSAGE ALY","24089000","POINT (-122.419017543 37.752204442)","9","Mission","MISSION","2025/02/02 04:30:04 AM","2026/01/11 05:09:17 AM","2026/01/11 05:25:04 AM","closecall2025-02-02_04-30-04.txt"
"250322194",,,"2025/02/01 04:45:47 PM","2025/02/01 04:45:47 PM","2025/02/01 04:45:47 PM","2025/02/01 04:45:47 PM","2025/02/01 04:45:47 PM","2025/02/01 04:49:56 PM","903","PASSING CALL",,"903","PASSING CALL",,"C","C","Police","HAN","Y","false","24TH ST \ FOLSOM ST","23990000","POINT (-122.414086031 37.752506065)","9","Mission","MISSION","2025/02/02 04:30:04 AM","2026/01/11 05:09:17 AM","2026/01/11 05:25:04 AM","closecall2025-02-02_04-30-04.txt"
"250322195",,"PD250062878","2025/02/01 04:47:01 PM","2025/02/01 04:47:01 PM","2025/02/01 04:47:01 PM","2025/02/01 04:47:01 PM","2025/02/01 04:47:01 PM","2025/02/01 05:18:15 PM","585","TRAFFIC STOP",,"585","TRAFFIC STOP",,"B","B","Police","CIT","Y","false","AL SCOMA WAY \ JEFFERSON ST","35066000","POINT (-122.417715897 37.807978727)","3","North Beach","CENTRAL","2025/02/02 04:30:04 AM","2026/01/11 05:09:17 AM","2026/01/11 05:25:04 AM","closecall2025-02-02_04-30-04.txt"
"250322199",,,"2025/02/01 04:47:43 PM","2025/02/01 04:47:43 PM","2025/02/01 04:47:43 PM","2025/02/01 04:47:43 PM","2025/02/01 04:47:43 PM","2025/02/01 04:48:46 PM","903","PASSING CALL",,"903","PASSING CALL",,"C","C","Police",,"Y","false","FAIRFAX AVE \ MIDDLE POINT RD","20170000","POINT (-122.379414568 37.735244674)","10","Bayview Hunters Point","BAYVIEW","2025/02/02 04:30:04 AM","2026/01/11 05:09:17 AM","2026/01/11 05:25:04 AM","closecall2025-02-02_04-30-04.txt"
"250321396",,,"2025/02/01 12:18:16 PM","2025/02/01 12:18:25 PM","2025/02/01 04:47:56 PM","2025/02/01 04:47:56 PM",,"2025/02/01 04:56:58 PM","587","TRAF VIOLATION CITE","500F","587","TRAF VIOLATION CITE","500F","C","C","Municipal Transportation Agency","GOA","N","false","20TH ST \ BRYANT ST","24008000","POINT (-122.409770121 37.75919401)","9","Mission","MISSION","2025/02/02 04:30:04 AM","2026/01/11 05:09:17 AM","2026/01/11 05:25:04 AM","closecall2025-02-02_04-30-04.txt"
"250322021",,,"2025/02/01 03:44:51 PM","2025/02/01 03:44:51 PM","2025/02/01 04:48:29 PM","2025/02/01 04:48:29 PM","2025/02/01 04:48:33 PM","2025/02/01 04:49:03 PM","587","TRAF VIOLATION CITE",,"587","TRAF VIOLATION CITE",,"C","C","Municipal Transportation Agency","CIT","N","false","BRUNSWICK ST \ CONCORD ST","21466000","POINT (-122.442156165 37.710944069)","11","Excelsior","INGLESIDE","2025/02/02 04:30:04 AM","2026/01/11 05:09:17 AM","2026/01/11 05:25:04 AM","closecall2025-02-02_04-30-04.txt"
"250322200",,,"2025/02/01 04:48:46 PM","2025/02/01 04:48:46 PM","2025/02/01 04:48:46 PM","2025/02/01 04:48:46 PM","2025/02/01 04:48:46 PM","2025/02/01 04:51:51 PM","903","PASSING CALL",,"903","PASSING CALL",,"C","C","Police",,"Y","false","HARBOR RD \ NORTHRIDGE RD","20060000","POINT (-122.376999545 37.731009871)","10","Bayview Hunters Point","BAYVIEW","2025/02/02 04:30:04 AM","2026/01/11 05:09:17 AM","2026/01/11 05:25:04 AM","closecall2025-02-02_04-30-04.txt"
"250322175",,,"2025/02/01 04:38:43 PM","2025/02/01 04:40:04 PM","2025/02/01 04:49:11 PM","2025/02/01 04:49:11 PM","2025/02/01 04:49:11 PM","2025/02/01 04:49:15 PM","418","FIGHT NO WEAPON","601","418","FIGHT NO WEAPON","601","B","B","Police","HAN","N","false","18TH ST \ BRYANT ST","24014000","POINT (-122.410118191 37.76175942)","9","Mission","MISSION","2025/02/02 04:30:04 AM","2026/01/11 05:09:17 AM","2026/01/11 05:25:04 AM","closecall2025-02-02_04-30-04.txt"
"250322205",,,"2025/02/01 04:49:41 PM","2025/02/01 04:49:41 PM","2025/02/01 04:49:41 PM","2025/02/01 04:49:41 PM","2025/02/01 04:49:41 PM","2025/02/01 04:54:29 PM","916","SUSPICIOUS VEHICLE",,"916","SUSPICIOUS VEHICLE",,"C","C","Police","CIT","Y","false","06TH ST \ MISSION ST","24293000","POINT (-122.408708674 37.780971183)","6","South of Market","SOUTHERN","2025/02/02 04:30:04 AM","2026/01/11 05:09:17 AM","2026/01/11 05:25:04 AM","closecall2025-02-02_04-30-04.txt"
"250322202",,"PD250062862","2025/02/01 04:49:22 PM","2025/02/01 04:49:22 PM","2025/02/01 04:49:45 PM","2025/02/01 04:49:45 PM","2025/02/01 04:57:07 PM","2025/02/01 08:23:22 PM","53B2","WELFARE CHECK",,"905","MEET W/CITY EMPLOYEE",,"2","A","Police","REP","N","false","ANZA ST \ PARKER AVE","26488000","POINT (-122.45387663 37.780239049)","2","Lone Mountain/USF","RICHMOND","2025/02/02 04:30:04 AM","2026/01/11 05:09:17 AM","2026/01/11 05:25:04 AM","closecall2025-02-02_04-30-04.txt"
"250322208",,,"2025/02/01 04:50:08 PM","2025/02/01 04:50:08 PM","2025/02/01 04:50:08 PM","2025/02/01 04:50:08 PM","2025/02/01 04:50:08 PM","2025/02/01 04:58:05 PM","903","PASSING CALL",,"903","PASSING CALL",,"C","C","Police",,"Y","false","24TH ST \ YORK ST","23957000","POINT (-122.408188968 37.752852404)","9","Mission","MISSION","2025/02/02 04:30:04 AM","2026/01/11 05:09:17 AM","2026/01/11 05:25:04 AM","closecall2025-02-02_04-30-04.txt"
"250322074",,,"2025/02/01 04:06:02 PM","2025/02/01 04:06:02 PM","2025/02/01 04:50:10 PM","2025/02/01 04:50:10 PM","2025/02/01 04:55:29 PM","2025/02/01 04:55:35 PM","587","TRAF VIOLATION CITE",,"587","TRAF VIOLATION CITE","22514","C","C","Municipal Transportation Agency","GOA","N","false","BRANNAN ST \ COLIN P KELLY JR ST","23802000","POINT (-122.391308311 37.782453966)","6","Financial District/South Beach","SOUTHERN","2025/02/02 04:30:04 AM","2026/01/11 05:09:17 AM","2026/01/11 05:25:04 AM","closecall2025-02-02_04-30-04.txt"
"250322019",,,"2025/02/01 03:41:59 PM","2025/02/01 03:44:18 PM","2025/02/01 04:50:11 PM","2025/02/01 04:50:11 PM",,"2025/02/01 06:24:54 PM","916","SUSPICIOUS VEHICLE","LIVING","916","SUSPICIOUS VEHICLE","LIVING","C","C","Police","HAN","N","false","GEARY BLVD \ SCOTT ST","26618000","POINT (-122.437847943 37.783717638)","5","Western Addition","PARK","2025/02/02 04:30:04 AM","2026/01/11 05:09:17 AM","2026/01/11 05:25:04 AM","closecall2025-02-02_04-30-04.txt"
"250322206",,"PD250062890","2025/02/01 04:48:52 PM","2025/02/01 04:49:56 PM","2025/02/01 04:50:29 PM","2025/02/01 04:50:29 PM","2025/02/01 04:52:45 PM","2025/02/01 07:03:38 PM","221","PERSON W/GUN",,"221","PERSON W/GUN",,"A","A","Police","REP","N","false","06TH ST \ MINNA ST","24285000","POINT (-122.408160793 37.780535387)","6","South of Market","SOUTHERN","2025/02/02 04:30:04 AM","2026/01/11 05:09:17 AM","2026/01/11 05:25:04 AM","closecall2025-02-02_04-30-04.txt"
"250322137",,,"2025/02/01 04:27:50 PM","2025/02/01 04:28:58 PM","2025/02/01 04:50:41 PM","2025/02/01 04:50:41 PM","2025/02/01 04:54:00 PM","2025/02/01 05:29:07 PM","917","SUSPICIOUS PERSON",,"917","SUSPICIOUS PERSON",,"C","C","Police","HAN","N","false","CHESTNUT ST \ MALLORCA WAY","26772000","POINT (-122.43729967 37.800683733)","2","Marina","NORTHERN","2025/02/02 04:30:04 AM","2026/01/11 05:09:17 AM","2026/01/11 05:25:04 AM","closecall2025-02-02_04-30-04.txt"
"250322212",,,"2025/02/01 04:51:20 PM","2025/02/01 04:51:20 PM","2025/02/01 04:51:20 PM","2025/02/01 04:51:20 PM","2025/02/01 04:51:20 PM","2025/02/01 04:56:06 PM","585","TRAFFIC STOP",,"585","TRAFFIC STOP",,"B","B","Police","CIT","Y","false","20TH AVE \ JUDAH ST","27369000","POINT (-122.478061977 37.761653158)","4","Sunset/Parkside","TARAVAL","2025/02/02 04:30:04 AM","2026/01/11 05:09:17 AM","2026/01/11 05:25:04 AM","closecall2025-02-02_04-30-04.txt"
"250321960",,,"2025/02/01 03:23:47 PM","2025/02/01 03:24:06 PM","2025/02/01 04:51:27 PM","2025/02/01 04:51:27 PM",,"2025/02/01 05:01:27 PM","587","TRAF VIOLATION CITE","2250F","587","TRAF VIOLATION CITE","2250F","C","C","Municipal Transportation Agency","CIT","N","false","10TH AVE \ KIRKHAM ST","27146000","POINT (-122.46712169 37.760264561)","7","Inner Sunset","TARAVAL","2025/02/02 04:30:04 AM","2026/01/11 05:09:17 AM","2026/01/11 05:25:04 AM","closecall2025-02-02_04-30-04.txt"
"250322216",,,"2025/02/01 04:51:51 PM","2025/02/01 04:51:51 PM","2025/02/01 04:51:51 PM","2025/02/01 04:51:51 PM","2025/02/01 04:51:51 PM","2025/02/01 04:53:30 PM","903","PASSING CALL",,"903","PASSING CALL",,"C","C","Police",,"Y","false","KISKA RD \ REARDON RD","20058000","POINT (-122.377202613 37.730015828)","10","Bayview Hunters Point","BAYVIEW","2025/02/02 04:30:04 AM","2026/01/11 05:09:17 AM","2026/01/11 05:25:04 AM","closecall2025-02-02_04-30-04.txt"
